idx,sub_1_smiles,sub_2_smiles,product_smiles
0,NCc1ccccc1,O=C(O)C(c1ccccc1)c1ccccc1,O=C(NCc1ccccc1)C(c1ccccc1)c1ccccc1
1,NCc1ccccc1,O=C(O)Cc1ccc(C(F)(F)F)cc1,O=C(Cc1ccc(C(F)(F)F)cc1)NCc1ccccc1
2,C[C@H](N)c1cccc2ccccc12,O=C(O)c1ncccn1,CC(NC(=O)c1ncccn1)c1cccc2ccccc12
3,Cc1ccc(N)c(C)c1,O=C(O)c1ccc2nccnc2c1,Cc1ccc(NC(=O)c2ccc3nccnc3c2)c(C)c1
4,C1CCN(C2CCNCC2)CC1,Cc1ccc(CC(=O)O)cc1,Cc1ccc(CC(=O)N2CCC(N3CCCCC3)CC2)cc1
5,Cc1ccc2cccc(N)c2n1,O=C(O)Cc1ccc2c(c1)C(=O)c1ccccc1CO2,Cc1ccc2cccc(NC(=O)Cc3ccc4c(c3)C(=O)c3ccccc3CO4)c2n1
6,Cc1ccc([N+](=O)[O-])cc1N,O=C(O)c1ccc([N+](=O)[O-])s1,Cc1ccc([N+](=O)[O-])cc1NC(=O)c1ccc([N+](=O)[O-])s1
7,NCc1ccc(F)cc1,Cc1c(C(=O)O)oc2ccccc12,Cc1c(C(=O)NCc2ccc(F)cc2)oc2ccccc12
8,COc1ccc(N)cc1,CC(C)(C)c1cc(C(=O)O)cc(C(C)(C)C)c1,COc1ccc(NC(=O)c2cc(C(C)(C)C)cc(C(C)(C)C)c2)cc1
9,NCc1ccccc1,N#Cc1ccc(C(=O)O)cc1,N#Cc1ccc(C(=O)NCc2ccccc2)cc1
10,Cc1ccc2cccc(N)c2n1,O=C(O)c1ccc2c(c1)OCCO2,Cc1ccc2cccc(NC(=O)c3ccc4c(c3)OCCO4)c2n1
11,CNc1ccc(OC)cc1,Cc1ccc2cc(C(=O)O)ccc2n1,COc1ccc(N(C)C(=O)c2ccc3nc(C)ccc3c2)cc1
12,Nc1ccc(F)nc1,O=C(O)Cc1ccc2c(c1)C(=O)c1ccccc1CO2,O=C(Cc1ccc2c(c1)C(=O)c1ccccc1CO2)Nc1ccc(F)nc1
13,CNOC,COc1ccc2cc(C(C)C(=O)O)ccc2c1,COc1ccc2cc(C(C)C(=O)N(C)OC)ccc2c1
14,CC1CCCNC1,O=C(O)Cc1ccc2c(c1)OCO2,CC1CCCN(C(=O)Cc2ccc3c(c2)OCO3)C1
15,NCc1ccc(F)cc1F,O=C(O)c1ccco1,O=C(NCc1ccc(F)cc1F)c1ccco1
16,COc1ccc(CN)cc1,COc1ccc2cc(C(C)C(=O)O)ccc2c1,COc1ccc(CNC(=O)C(C)c2ccc3cc(OC)ccc3c2)cc1
17,COC(=O)c1ccc(N)cc1,CC(NC(=O)OCc1ccccc1)C(=O)O,COC(=O)c1ccc(NC(=O)C(C)NC(=O)OCc2ccccc2)cc1
18,C#Cc1cccc(N)c1,Cc1ccc(C(=O)O)c2ccccc12,C#Cc1cccc(NC(=O)c2ccc(C)c3ccccc23)c1
19,Nc1ccc2c(c1)OCCO2,O=C(O)Cc1ccc2c(c1)C(=O)c1ccccc1CO2,O=C(Cc1ccc2c(c1)C(=O)c1ccccc1CO2)Nc1ccc2c(c1)OCCO2
20,CNc1ccc(OC)cc1,O=C(O)c1cc(Cl)cc(Cl)n1,COc1ccc(N(C)C(=O)c2cc(Cl)cc(Cl)n2)cc1
21,Nc1ccc2nccnc2c1,O=C(O)c1cnccn1,O=C(Nc1ccc2nccnc2c1)c1cnccn1
22,CC(=O)c1ccc(N)cc1,O=C(O)c1cc(Cl)cc(Cl)n1,CC(=O)c1ccc(NC(=O)c2cc(Cl)cc(Cl)n2)cc1
23,NC1CCc2ccccc21,O=C(O)COc1ccccc1,O=C(COc1ccccc1)NC1CCc2ccccc21
24,Nc1ccc(F)nc1,O=C(O)Cc1ccc2c(c1)OCO2,O=C(Cc1ccc2c(c1)OCO2)Nc1ccc(F)nc1
25,NCc1ccccc1,Cc1ccc2cc(C(=O)O)ccc2n1,Cc1ccc2cc(C(=O)NCc3ccccc3)ccc2n1
26,CNc1ccc(F)cc1,Cc1c(C(=O)O)oc2ccccc12,Cc1c(C(=O)N(C)c2ccc(F)cc2)oc2ccccc12
27,COc1ccc(N)cc1C,O=C(O)Cc1ccc2c(c1)C(=O)c1ccccc1CO2,COc1ccc(NC(=O)Cc2ccc3c(c2)C(=O)c2ccccc2CO3)cc1C
28,Cc1cccc(N)c1C,Cc1ccc(CC(=O)O)cc1,Cc1ccc(CC(=O)Nc2cccc(C)c2C)cc1
29,NCc1ccc(Cl)cc1,O=C(O)C(c1ccccc1)c1ccccc1,O=C(NCc1ccc(Cl)cc1)C(c1ccccc1)c1ccccc1
30,CNc1ccc(OC)cc1,O=C(O)Cc1cc(F)cc(F)c1,COc1ccc(N(C)C(=O)Cc2cc(F)cc(F)c2)cc1
31,CSc1cccc(N)c1,Cc1cc(C(=O)O)cc(Cl)n1,CSc1cccc(NC(=O)c2cc(C)nc(Cl)c2)c1
32,CSc1cccc(N)c1,O=C(O)c1ccc2c(c1)OC(F)(F)O2,CSc1cccc(NC(=O)c2ccc3c(c2)OC(F)(F)O3)c1
33,Cc1ccccc1N,Cc1ccc2cc(C(=O)O)ccc2n1,Cc1ccc2cc(C(=O)Nc3ccccc3C)ccc2n1
34,NCc1ccc(F)cc1F,Cc1cc(C(=O)O)cc(Cl)n1,Cc1cc(C(=O)NCc2ccc(F)cc2F)cc(Cl)n1
35,NCc1ccc(F)cc1,CC(C(=O)O)c1ccc(-c2ccccc2)c(F)c1,CC(C(=O)NCc1ccc(F)cc1)c1ccc(-c2ccccc2)c(F)c1
36,NCc1ccccc1,O=C(O)c1ccc([N+](=O)[O-])cc1,O=C(NCc1ccccc1)c1ccc([N+](=O)[O-])cc1
37,COc1ccc(N)cc1C,Cc1ccc(CC(=O)O)cc1,COc1ccc(NC(=O)Cc2ccc(C)cc2)cc1C
38,COC(=O)c1ccc(N)cc1,O=C(O)c1ncccn1,COC(=O)c1ccc(NC(=O)c2ncccn2)cc1
39,CCCNC,Cc1ccc(CC(=O)O)cc1,CCCN(C)C(=O)Cc1ccc(C)cc1
40,CCCNC,O=C(O)c1cc(Cl)cc(Cl)n1,CCCN(C)C(=O)c1cc(Cl)cc(Cl)n1
41,C#Cc1cccc(N)c1,Cc1ccc(C(=O)O)cc1,C#Cc1cccc(NC(=O)c2ccc(C)cc2)c1
42,C#Cc1cccc(N)c1,CC(NC(=O)OCc1ccccc1)C(=O)O,C#Cc1cccc(NC(=O)C(C)NC(=O)OCc2ccccc2)c1
43,COc1ccc(N)cn1,O=C(O)C1(c2ccccc2)CC1,COc1ccc(NC(=O)C2(c3ccccc3)CC2)cn1
44,NCc1cccc2ccccc12,O=C(O)c1cccc(-c2ccccc2)c1,O=C(NCc1cccc2ccccc12)c1cccc(-c2ccccc2)c1
45,CNOC,COc1ccc(C(=O)O)cc1,COc1ccc(C(=O)N(C)OC)cc1
46,COc1ccc(N)cn1,O=C(O)C1CN(C(=O)OCc2ccccc2)C1,COc1ccc(NC(=O)C2CN(C(=O)OCc3ccccc3)C2)cn1
47,COc1ccc(N)cn1,O=C(O)Cc1ccc2c(c1)OCO2,COc1ccc(NC(=O)Cc2ccc3c(c2)OCO3)cn1
48,CNc1ccc(F)cc1,Cc1ccc(CC(=O)O)cc1,Cc1ccc(CC(=O)N(C)c2ccc(F)cc2)cc1
49,Nc1ccc(Cl)cc1,O=C(O)Cc1ccc(C(F)(F)F)cc1,O=C(Cc1ccc(C(F)(F)F)cc1)Nc1ccc(Cl)cc1
50,COc1ccc(N)cn1,O=C(O)c1ccc(Br)s1,COc1ccc(NC(=O)c2ccc(Br)s2)cn1
51,COC(=O)c1ccc(N)cc1,O=C(O)c1ccc2c(c1)OC(F)(F)O2,COC(=O)c1ccc(NC(=O)c2ccc3c(c2)OC(F)(F)O3)cc1
52,CC(=O)c1ccc(N)cc1,CC(C(=O)O)c1ccc(CC2CCCC2=O)cc1,CC(=O)c1ccc(NC(=O)C(C)c2ccc(CC3CCCC3=O)cc2)cc1
53,CNc1ccc(OC)cc1,O=C(O)C(c1ccccc1)c1ccccc1,COc1ccc(N(C)C(=O)C(c2ccccc2)c2ccccc2)cc1
54,CCNc1cccc(C)c1,O=C(O)c1ncccn1,CCN(C(=O)c1ncccn1)c1cccc(C)c1
55,NCc1ccc(Cl)cc1,O=C(O)Cc1ccc(C(F)(F)F)cc1,O=C(Cc1ccc(C(F)(F)F)cc1)NCc1ccc(Cl)cc1
56,COc1ccc(N)cn1,Cc1cc(C(=O)O)cc(Cl)n1,COc1ccc(NC(=O)c2cc(C)nc(Cl)c2)cn1
57,NCc1ccc(F)cc1F,O=C(O)Cc1ccc2c(c1)C(=O)c1ccccc1CO2,O=C(Cc1ccc2c(c1)C(=O)c1ccccc1CO2)NCc1ccc(F)cc1F
58,C[C@@H](N)c1ccccc1,O=C(O)c1ccc(Br)s1,C[C@@H](NC(=O)c1ccc(Br)s1)c1ccccc1
59,Cc1ccc([N+](=O)[O-])cc1N,O=C(O)c1ccco1,Cc1ccc([N+](=O)[O-])cc1NC(=O)c1ccco1
60,CSc1cccc(N)c1,O=C(O)Cc1ccc2c(c1)OCO2,CSc1cccc(NC(=O)Cc2ccc3c(c2)OCO3)c1
61,COC(=O)c1ccc(N)cc1OC,Cc1ccc(C(=O)O)cc1F,COC(=O)c1ccc(NC(=O)c2ccc(C)c(F)c2)cc1OC
62,CNOC,O=C(O)/C=C/c1ccccc1,CON(C)C(=O)/C=C/c1ccccc1
63,CC(=O)c1ccc(N)cc1,O=C(O)c1ccccc1Cc1ccccc1,CC(=O)c1ccc(NC(=O)c2ccccc2Cc2ccccc2)cc1
64,Nc1ccc2scnc2c1,O=C(O)C(c1ccccc1)c1ccccc1,O=C(Nc1ccc2scnc2c1)C(c1ccccc1)c1ccccc1
65,CCNc1ccccc1,O=C(O)Cc1ccc2c(c1)OCO2,CCN(C(=O)Cc1ccc2c(c1)OCO2)c1ccccc1
66,CCNC(C)C,O=C(O)c1ncccn1,CCN(C(=O)c1ncccn1)C(C)C
67,Cc1ccc2cccc(N)c2n1,Cc1ccc(CC(=O)O)cc1,Cc1ccc(CC(=O)Nc2cccc3ccc(C)nc23)cc1
68,Cc1ccc(Cl)c(N)c1,O=C(O)Cc1ccc2c(c1)OCO2,Cc1ccc(Cl)c(NC(=O)Cc2ccc3c(c2)OCO3)c1
69,NCc1ccc(Cl)cc1,CC(C)(C(=O)O)c1ccccc1,CC(C)(C(=O)NCc1ccc(Cl)cc1)c1ccccc1
70,CC(C)NC(C)C,Cc1ccc(CC(=O)O)cc1,Cc1ccc(CC(=O)N(C(C)C)C(C)C)cc1
71,NCc1ccc(F)cc1,COc1ccc2cc(C(C)C(=O)O)ccc2c1,COc1ccc2cc(C(C)C(=O)NCc3ccc(F)cc3)ccc2c1
72,Cc1ccc(Cl)c(N)c1,Cc1cc(C(=O)O)cc(Cl)n1,Cc1ccc(Cl)c(NC(=O)c2cc(C)nc(Cl)c2)c1
73,C[C@H](N)c1cccc2ccccc12,O=C(O)Cc1ccc2c(c1)OCO2,CC(NC(=O)Cc1ccc2c(c1)OCO2)c1cccc2ccccc12
74,NCc1ccccc1C(F)(F)F,Cc1ccc2cc(C(=O)O)ccc2n1,Cc1ccc2cc(C(=O)NCc3ccccc3C(F)(F)F)ccc2n1
75,CSc1cccc(N)c1,O=C(O)c1ccc(C(F)(F)F)cn1,CSc1cccc(NC(=O)c2ccc(C(F)(F)F)cn2)c1
76,COc1ccc(N)cc1C,O=C(O)c1cc(Cl)cc(Cl)n1,COc1ccc(NC(=O)c2cc(Cl)cc(Cl)n2)cc1C
77,CCOc1cc(N)ccn1,O=C(O)Cc1ccc2c(c1)OCO2,CCOc1cc(NC(=O)Cc2ccc3c(c2)OCO3)ccn1
78,CCCCN1CCNCC1,Cc1c(C(=O)O)oc2ccccc12,CCCCN1CCN(C(=O)c2oc3ccccc3c2C)CC1
79,CNc1ccc(F)cc1,Cc1cc(C(=O)O)cc(Cl)n1,Cc1cc(C(=O)N(C)c2ccc(F)cc2)cc(Cl)n1
80,COc1ccc(N)cn1,O=C(O)C1CCC(F)(F)CC1,COc1ccc(NC(=O)C2CCC(F)(F)CC2)cn1
81,CC(=O)c1ccc(N)cc1,O=C(O)Cc1ccc(C(F)(F)F)cc1,CC(=O)c1ccc(NC(=O)Cc2ccc(C(F)(F)F)cc2)cc1
82,NCc1ccccc1,Cc1cc(C)cc(C(=O)O)c1,Cc1cc(C)cc(C(=O)NCc2ccccc2)c1
83,COc1ccc(N)cn1,Cc1ccc(CC(=O)O)cc1,COc1ccc(NC(=O)Cc2ccc(C)cc2)cn1
84,COc1ccc(CN)cc1,O=C(O)Cc1cc(F)cc(F)c1,COc1ccc(CNC(=O)Cc2cc(F)cc(F)c2)cc1
85,NCc1ccc(Cl)cc1,O=C(O)c1cccc(-c2ccccc2)c1,O=C(NCc1ccc(Cl)cc1)c1cccc(-c2ccccc2)c1
86,CNOC,O=C(O)c1ccncc1Cl,CON(C)C(=O)c1ccncc1Cl
87,NC1CCCCC1,O=C(O)Cc1ccc2c(c1)C(=O)c1ccccc1CO2,O=C(Cc1ccc2c(c1)C(=O)c1ccccc1CO2)NC1CCCCC1
88,Cn1c(N)nc2ccccc21,O=C(O)c1cnccn1,Cn1c(NC(=O)c2cnccn2)nc2ccccc21
89,CCNc1cccc(C)c1,O=C(O)c1cc(Cl)cc(Cl)n1,CCN(C(=O)c1cc(Cl)cc(Cl)n1)c1cccc(C)c1
90,CCCNC,Cc1cc(C)c(C(=O)O)c(C)c1,CCCN(C)C(=O)c1c(C)cc(C)cc1C
91,COc1ccc(N)cn1,O=C(O)COc1ccccc1,COc1ccc(NC(=O)COc2ccccc2)cn1
92,NCc1ccccc1,CC(C)(C(=O)O)c1ccccc1,CC(C)(C(=O)CNCc1ccccc1)c1ccccc1
93,Cc1ccc(N)cc1,O=C(O)Cc1ccc([N+](=O)[O-])cc1,Cc1ccc(NC(=O)Cc2ccc([N+](=O)[O-])cc2)cc1
94,COc1ccc(N)cc1C,CC(C)(C(=O)O)c1ccccc1,COc1ccc(NC(=O)C(C)(C)c2ccccc2)cc1C
95,Cc1ccc2cccc(N)c2n1,O=C(O)c1cc2ccccc2s1,Cc1ccc2cccc(NC(=O)c3cc4ccccc4s3)c2n1
96,NCc1cccc2ccccc12,O=C(O)C1Cc2ccccc2C1,O=C(NCc1cccc2ccccc12)C1Cc2ccccc2C1
97,CC(=O)c1ccc(N)cc1,O=C(O)C1CCCN1C(=O)OCc1ccccc1,CC(=O)c1ccc(NC(=O)C2CCCN2C(=O)OCc2ccccc2)cc1
98,Cn1c(N)nc2ccccc21,O=C(O)C1CC=CCC1,Cn1c(NC(=O)C2CC=CCC2)nc2ccccc21
99,COc1ccc(N)cn1,O=C(O)c1ccc2nccnc2c1,COc1ccc(NC(=O)c2ccc3nccnc3c2)cn1
100,COC(=O)c1cc(F)ccc1N,O=C(O)Cc1ccc(C(F)(F)F)cc1,COC(=O)c1cc(F)ccc1NC(=O)Cc1ccc(C(F)(F)F)cc1
101,COc1ccc(N)cc1,O=C(O)c1cc2ccccc2s1,COc1ccc(NC(=O)c2cc3ccccc3s2)cc1
102,NCc1cccc2ccccc12,O=C(O)c1ncccn1,O=C(NCc1cccc2ccccc12)c1ncccn1
103,COc1ccc(N)cn1,O=C(O)C1CCN(C(=O)OCc2ccccc2)CC1,COc1ccc(NC(=O)C2CCN(C(=O)OCc3ccccc3)CC2)cn1
104,NCc1ccc(Cl)cc1,O=C(O)C1Cc2ccccc2C1,O=C(NCc1ccc(Cl)cc1)C1Cc2ccccc2C1
105,NCc1cccc2ccccc12,Cc1cc(C(=O)O)cc(Cl)n1,Cc1cc(C(=O)NCc2cccc3ccccc23)cc(Cl)n1
106,COc1ccc(N)cc1,O=C(O)c1ccc(C(F)(F)F)cn1,COc1ccc(NC(=O)c2ccc(C(F)(F)F)cn2)cc1
107,NCc1ccc(F)cc1,Cc1cc(C)c(C(=O)O)c(C)c1,Cc1cc(C)c(C(=O)NCc2ccc(F)cc2)c(C)c1
108,COC(=O)c1ccc(N)cc1OC,O=C(O)Cc1ccc2c(c1)OCO2,COC(=O)c1ccc(NC(=O)Cc2ccc3c(c2)OCO3)cc1OC
109,NCc1ccc2c(c1)OCO2,O=C(O)Cc1cc(F)cc(F)c1,O=C(Cc1cc(F)cc(F)c1)NCc1ccc2c(c1)OCO2
110,Cn1c(N)nc2ccccc21,O=C(O)c1ccc(F)cn1,Cn1c(NC(=O)c2ccc(F)cn2)nc2ccccc21
111,CNOC,O=C(O)c1ccc([N+](=O)[O-])s1,CON(C)C(=O)c1ccc([N+](=O)[O-])s1
112,COC(=O)c1ccc(N)cc1OC,Cc1c(C(=O)O)oc2ccccc12,COC(=O)c1ccc(NC(=O)c2oc3ccccc3c2C)cc1OC
113,Cc1ccc([N+](=O)[O-])cc1N,O=C(O)Cc1ccc2c(c1)C(=O)c1ccccc1CO2,Cc1ccc([N+](=O)[O-])cc1NC(=O)Cc1ccc2c(c1)C(=O)c1ccccc1CO2
114,CC(=O)c1ccc(N)cc1,O=C(O)c1c[nH]c2ncccc12,CC(=O)c1ccc(NC(=O)c2c[nH]c3ncccc23)cc1
115,NCc1ccccc1C(F)(F)F,Cc1ccc(CC(=O)O)cc1,Cc1ccc(CC(=O)NCc2ccccc2C(F)(F)F)cc1
116,NCc1ccc(F)cc1F,O=C(O)C(c1ccccc1)c1ccccc1,O=C(NCc1ccc(F)cc1F)C(c1ccccc1)c1ccccc1
117,COc1ccc(N)cn1,O=C(O)Cc1cc(F)cc(F)c1,COc1ccc(NC(=O)Cc2cc(F)cc(F)c2)cn1
118,NCc1cccc2ccccc12,O=C(O)c1cc2ccccc2s1,O=C(NCc1cccc2ccccc12)c1cc2ccccc2s1
119,CNOC,O=C(O)c1c[nH]c2ncccc12,CON(C)C(=O)c1c[nH]c2ncccc12
120,NCc1ccc2c(c1)OCO2,CC(C)(C(=O)O)c1ccccc1,CC(C)(C(=O)NCc1ccc2c(c1)OCO2)c1ccccc1
121,CCNC(C)C,O=C(O)Cc1ccc2c(c1)OCO2,CCN(C(=O)Cc1ccc2c(c1)OCO2)C(C)C
122,C[C@@H](N)c1ccccc1,O=C(O)c1ccco1,C[C@@H](NC(=O)c1ccco1)c1ccccc1
123,CC(=O)c1ccc(N)cc1,O=C(O)Cc1cc(F)cc(F)c1,CC(=O)c1ccc(NC(=O)Cc2cc(F)cc(F)c2)cc1
124,CCNc1ccccc1,Cc1c(C(=O)O)oc2ccccc12,CCN(C(=O)c1oc2ccccc2c1C)c1ccccc1
125,CCNc1ccccc1,Cc1ccc(CC(=O)O)cc1,CCN(C(=O)Cc1ccc(C)cc1)c1ccccc1
126,Cc1cccc(N)c1C,O=C(O)c1ccc2c(c1)OC(F)(F)O2,Cc1cccc(NC(=O)c2ccc3c(c2)OC(F)(F)O3)c1C
127,Cc1ccc2cccc(N)c2n1,CC(C(=O)O)c1ccc(-c2ccccc2)c(F)c1,Cc1ccc2cccc(NC(=O)C(C)c3ccc(-c4ccccc4)c(F)c3)c2n1
128,CNOC,Cc1cc(C)c(C(=O)O)c(C)c1,CON(C)C(=O)c1c(C)cc(C)cc1C
129,COc1ccc(N)cc1C,Cc1ccc(C(=O)O)c2ccccc12,COc1ccc(NC(=O)c2ccc(C)c3ccccc23)cc1C
130,C1COCCN1,Cc1c(C(=O)O)oc2ccccc12,Cc1c(C(=O)N2CCOCC2)oc2ccccc12
131,COC(=O)c1ccc(N)cc1OC,Cc1cc(C(=O)O)cc(Cl)n1,COC(=O)c1ccc(NC(=O)c2cc(C)nc(Cl)c2)cc1OC
132,COCCN1CCNCC1,Cc1ccc(CC(=O)O)cc1,COCCN1CCN(C(=O)Cc2ccc(C)cc2)CC1
133,Cc1ccc(N)nc1,O=C(O)c1cc2ccccc2s1,Cc1ccc(NC(=O)c2cc3ccccc3s2)nc1
134,Cc1cccc(N)c1C,Cc1ccc(C(=O)O)cc1F,Cc1ccc(C(=O)Nc2cccc(C)c2C)cc1F
135,COc1ccc(N)cn1,O=C(O)C1CCCN1C(=O)OCc1ccccc1,COc1ccc(NC(=O)C2CCCN2C(=O)OCc2ccccc2)cn1
136,NCc1ccc2c(c1)OCO2,O=C(O)c1ccc(C(F)(F)F)cn1,O=C(NCc1ccc2c(c1)OCO2)c1ccc(C(F)(F)F)cn1
137,CNOC,O=C(O)c1cc2ccccc2s1,CON(C)C(=O)c1cc2ccccc2s1
138,CC1COCCN1,COc1ccc(C(=O)O)cc1,COc1ccc(C(=O)N2CCOCC2C)cc1
139,Cc1cn(-c2cc(N)cc(C(F)(F)F)c2)cn1,O=C(O)Cc1ccc2c(c1)C(=O)c1ccccc1CO2,Cc1cn(-c2cc(NC(=O)Cc3ccc4c(c3)C(=O)c3ccccc3CO4)cc(C(F)(F)F)c2)cn1
140,COc1ccc(N)cc1,O=C(O)c1cnccn1,COc1ccc(NC(=O)c2cnccn2)cc1
141,Cc1ccc2cccc(N)c2n1,O=C(O)c1cc(Cl)cc(Cl)n1,Cc1ccc2cccc(NC(=O)c3cc(Cl)cc(Cl)n3)c2n1
142,COc1ccc(N)cn1,Cc1c(C(=O)O)oc2ccccc12,COc1ccc(NC(=O)c2oc3ccccc3c2C)cn1
143,C#Cc1cccc(N)c1,Cc1cc(C(=O)O)cc(Cl)n1,C#Cc1cccc(NC(=O)c2cc(C)nc(Cl)c2)c1
144,C[C@@H](N)c1ccccc1,Cc1cc(C(=O)O)cc(Cl)n1,Cc1cc(C(=O)N[C@H](C)c2ccccc2)cc(Cl)n1
145,CCCNC,O=C(O)C(c1ccccc1)c1ccccc1,CCCN(C)C(=O)C(c1ccccc1)c1ccccc1
146,NCc1cccc2ccccc12,O=C(O)/C=C/c1ccccc1,O=C(/C=C/c1ccccc1)NCc1cccc2ccccc12
147,NCc1ccc(Cl)cc1,O=C(O)c1cc2ccccc2s1,O=C(NCc1ccc(Cl)cc1)c1cc2ccccc2s1
148,COc1ccc(N)cc1C,Cc1cc(C(=O)O)cc(Cl)n1,COc1ccc(NC(=O)c2cc(C)nc(Cl)c2)cc1C
149,CC(=O)c1ccc(N)cc1,Cc1ccc(CC(=O)O)cc1,CC(=O)c1ccc(NC(=O)Cc2ccc(C)cc2)cc1
150,COc1ccc(CN)cc1,O=C(O)C(c1ccccc1)c1ccccc1,COc1ccc(CNC(=O)C(c2ccccc2)c2ccccc2)cc1
151,C1COCCN1,O=C(O)Cc1ccc2c(c1)OCO2,O=C(Cc1ccc2c(c1)OCO2)N1CCOCC1
152,NCc1ccc2c(c1)OCO2,O=C(O)c1ccco1,O=C(NCc1ccc2c(c1)OCO2)c1ccco1
153,Cn1c(N)nc2ccccc21,O=C(O)COc1ccccc1,Cn1c(NC(=O)COc2ccccc2)nc2ccccc21
154,COc1ccc(CN)cc1,CC(C(=O)O)c1ccc(CC2CCCC2=O)cc1,COc1ccc(CNC(=O)C(C)c2ccc(CC3CCCC3=O)cc2)cc1
155,Cn1c(N)nc2ccccc21,Cn1cc(C(=O)O)c(C(F)F)n1,Cn1cc(C(=O)Nc2nc3ccccc3n2C)c(C(F)F)n1
156,Cc1ccc([N+](=O)[O-])cc1N,O=C(O)c1cnccn1,Cc1ccc([N+](=O)[O-])cc1NC(=O)c1cnccn1
157,CC(=O)c1ccc(N)cc1,O=C(O)Cc1ccc2c(c1)OCO2,CC(=O)c1ccc(NC(=O)Cc2ccc3c(c2)OCO3)cc1
158,CC(=O)c1ccc(N)cc1,O=C(O)C1Cc2ccccc2C1,CC(=O)c1ccc(NC(=O)C2Cc3ccccc3C2)cc1
159,Cc1cn(-c2cc(N)cc(C(F)(F)F)c2)cn1,Cc1ccc2cc(C(=O)O)ccc2n1,Cc1cn(-c2cc(NC(=O)c3ccc4nc(C)ccc4c3)cc(C(F)(F)F)c2)cn1
160,NCc1ccc(F)cc1F,O=C(O)Cc1ccc(C(F)(F)F)cc1,O=C(Cc1ccc(C(F)(F)F)cc1)NCc1ccc(F)cc1F
161,NCc1ccco1,O=C(O)C1Cc2ccccc2C1,O=C(NCc1ccco1)C1Cc2ccccc2C1
162,COc1ccc(S(N)(=O)=O)cc1,Cc1ccc2cc(C(=O)O)ccc2n1,COc1ccc(S(=O)(=O)NC(=O)c2ccc3nc(C)ccc3c2)cc1
163,NCc1ccc2c(c1)OCO2,O=C(O)Cc1ccc2c(c1)C(=O)c1ccccc1CO2,O=C(Cc1ccc2c(c1)C(=O)c1ccccc1CO2)NCc1ccc2c(c1)OCO2
164,CNOC,O=C(O)c1cc(Cl)cc(Cl)n1,CON(C)C(=O)c1cc(Cl)cc(Cl)n1
165,CNc1ccc(OC)cc1,O=C(O)c1cnccn1,COc1ccc(N(C)C(=O)c2cnccn2)cc1
166,CSc1cccc(N)c1,Cc1ccc(CC(=O)O)cc1,CSc1cccc(NC(=O)Cc2ccc(C)cc2)c1
167,CC(=O)c1ccc(N)cc1,CC1(C)C(C(=O)O)C1(C)C,CC(=O)c1ccc(NC(=O)C2C(C)(C)C2(C)C)cc1
168,Nc1ccc(Cl)cc1,Cc1ccc(C(=O)O)cc1F,Cc1ccc(C(=O)Nc2ccc(Cl)cc2)cc1F
169,NCc1ccc(Cl)cc1,Cc1cc(C)c(C(=O)O)c(C)c1,Cc1cc(C)c(C(=O)NCc2ccc(Cl)cc2)c(C)c1
170,NCc1ccc(F)cc1F,O=C(O)Cc1ccc2c(c1)OCO2,O=C(Cc1ccc2c(c1)OCO2)NCc1ccc(F)cc1F
171,Cc1ccccc1N,O=C(O)COc1ccccc1,Cc1ccccc1NC(=O)COc1ccccc1
172,NCc1ccccc1C(F)(F)F,O=C(O)C(c1ccccc1)c1ccccc1,O=C(NCc1ccccc1C(F)(F)F)C(c1ccccc1)c1ccccc1
173,COC(=O)c1cc(S(N)(=O)=O)ccc1OC,O=C(O)Cc1ccc2c(c1)C(=O)c1ccccc1CO2,COC(=O)c1cc(S(=O)(=O)NC(=O)Cc2ccc3c(c2)C(=O)c2ccccc2CO3)ccc1OC
174,C[C@@H](N)c1ccccc1,O=C(O)Cc1ccc2c(c1)OCO2,C[C@@H](NC(=O)Cc1ccc2c(c1)OCO2)c1ccccc1
175,NCc1ccco1,Cc1ccc2cc(C(=O)O)ccc2n1,Cc1ccc2cc(C(=O)NCc3ccco3)ccc2n1
176,NCc1ccccc1C(F)(F)F,O=C(O)c1cccc(-c2ccccc2)c1,O=C(NCc1ccccc1C(F)(F)F)c1cccc(-c2ccccc2)c1
177,COC(=O)c1ccc(N)cc1OC,Cc1ccc(C(=O)O)cc1,COC(=O)c1ccc(NC(=O)c2ccc(C)cc2)cc1OC
178,CNOC,CC(C(=O)O)c1ccc(-c2ccccc2)c(F)c1,CON(C)C(=O)C(C)c1ccc(-c2ccccc2)c(F)c1
179,NCc1ccc(Cl)cc1,O=C(O)/C=C/c1ccccc1,O=C(/C=C/c1ccccc1)NCc1ccc(Cl)cc1
180,Cc1ccc2cccc(N)c2n1,N#Cc1ccc(C(=O)O)cc1,Cc1ccc2cccc(NC(=O)c3ccc(C#N)cc3)c2n1
181,COc1ccc(N)cn1,O=C(O)Cc1ccc([N+](=O)[O-])cc1,COc1ccc(NC(=O)Cc2ccc([N+](=O)[O-])cc2)cn1
182,COC(=O)c1cc(S(N)(=O)=O)ccc1OC,Cc1ccc2cc(C(=O)O)ccc2n1,COC(=O)c1cc(S(=O)(=O)NC(=O)c2ccc3nc(C)ccc3c2)ccc1OC
183,COc1ccc(CN)cc1,Cc1cccc(C)c1C(=O)O,COc1ccc(CNC(=O)c2c(C)cccc2C)cc1
184,NCc1ccco1,O=C(O)Cc1ccc([N+](=O)[O-])cc1,O=C(Cc1ccc([N+](=O)[O-])cc1)NCc1ccco1
185,CC(C)Nc1ccccc1,Cc1cc(C(=O)O)cc(Cl)n1,Cc1cc(C(=O)N(c2ccccc2)C(C)C)cc(Cl)n1
186,C#Cc1cccc(N)c1,Cc1ccc2cc(C(=O)O)ccc2n1,C#Cc1cccc(NC(=O)c2ccc3nc(C)ccc3c2)c1
187,C[C@@H](N)c1ccccc1,O=C(O)c1ncccn1,C[C@@H](NC(=O)c1ncccn1)c1ccccc1
188,Cc1ccc([N+](=O)[O-])cc1N,Cc1c(C(=O)O)oc2ccccc12,Cc1ccc([N+](=O)[O-])cc1NC(=O)c1oc2ccccc2c1C
189,Nc1ccc(F)nc1,Cc1ccc2cc(C(=O)O)ccc2n1,Cc1ccc2cc(C(=O)Nc3ccc(F)nc3)ccc2n1
190,Cc1ccc([N+](=O)[O-])cc1N,O=C(O)c1ncccn1,Cc1ccc([N+](=O)[O-])cc1NC(=O)c1ncccn1
191,CNOC,CC(C)(C)c1cc(C(=O)O)cc(C(C)(C)C)c1,CON(C)C(=O)c1cc(C(C)(C)C)cc(C(C)(C)C)c1
192,Cc1ccc(N)c(C)c1,Cc1ccc2cc(C(=O)O)ccc2n1,Cc1ccc(NC(=O)c2ccc3nc(C)ccc3c2)c(C)c1
193,NCc1ccc(Cl)cc1,O=C(O)c1ccc2c(c1)OCCO2,O=C(NCc1ccc(Cl)cc1)c1ccc2c(c1)OCCO2
194,Cc1ccc2cccc(N)c2n1,O=C(O)COc1ccccc1,Cc1ccc2cccc(NC(=O)COc3ccccc3)c2n1
195,CC(=O)c1ccc(N)cc1,Cc1cc(C(=O)O)cc(Cl)n1,CC(=O)c1ccc(NC(=O)c2cc(C)nc(Cl)c2)cc1
196,C#Cc1cccc(N)c1,O=C(O)Cc1ccc2c(c1)OCO2,C#Cc1cccc(NC(=O)Cc2ccc3c(c2)OCO3)c1
197,COc1ccc(N)cc1,Cc1cccc(C)c1C(=O)O,COc1ccc(NC(=O)c2c(C)cccc2C)cc1
198,C1COCCN1,Cc1ccc(CC(=O)O)cc1,Cc1ccc(CC(=O)N2CCOCC2)cc1
199,C[C@H](N)c1cccc2ccccc12,O=C(O)c1cc2ccccc2s1,CC(NC(=O)c1cc2ccccc2s1)c1cccc2ccccc12
200,CNc1ccc(F)cc1,O=C(O)c1ccc(Br)s1,CN(C(=O)c1ccc(Br)s1)c1ccc(F)cc1
201,COC(=O)c1cc(S(N)(=O)=O)ccc1OC,O=C(O)c1ccnc(C(F)(F)F)c1,COC(=O)c1cc(S(=O)(=O)NC(=O)c2ccnc(C(F)(F)F)c2)ccc1OC
202,Cc1ccc2cccc(N)c2n1,Cc1cc(C(=O)O)cc(Cl)n1,Cc1cc(C(=O)Nc2cccc3ccc(C)nc23)cc(Cl)n1
203,CNc1ccc(F)cc1,O=C(O)c1ccc(C(F)(F)F)cn1,CN(C(=O)c1ccc(C(F)(F)F)cn1)c1ccc(F)cc1
204,NCc1ccc(F)cc1F,CC(C)(C(=O)O)c1ccccc1,CC(C)(C(=O)NCc1ccc(F)cc1F)c1ccccc1
205,Cc1ccc(S(N)(=O)=O)cc1,Cc1ccc(CC(=O)O)cc1,Cc1ccc(CC(=O)NS(=O)(=O)c2ccc(C)cc2)cc1
206,Cn1c(N)nc2ccccc21,Cc1cc(C(=O)O)cc(Cl)n1,Cc1cc(C(=O)Nc2nc3ccccc3n2C)cc(Cl)n1
207,C[C@H](N)c1cccc2ccccc12,O=C(O)c1ccc2nccnc2c1,CC(NC(=O)c1ccc2nccnc2c1)c1cccc2ccccc12
208,CCNc1cccc(C)c1,O=C(O)COc1ccccc1,CCN(C(=O)COc1ccccc1)c1cccc(C)c1
209,NCc1ccccc1C(F)(F)F,O=C(O)c1ccc2nccnc2c1,O=C(NCc1ccccc1C(F)(F)F)c1ccc2nccnc2c1
210,COc1ccc(N)cc1,CC(C)(C(=O)O)c1ccccc1,COc1ccc(NC(=O)C(C)(C)c2ccccc2)cc1
211,C#Cc1cccc(N)c1,O=C(O)c1ccc(C(F)(F)F)cn1,C#Cc1cccc(NC(=O)c2ccc(C(F)(F)F)cn2)c1
212,COC(=O)c1ccc(N)cc1,O=C(O)c1ccc(Br)s1,COC(=O)c1ccc(NC(=O)c2ccc(Br)s2)cc1
213,C[C@@H](N)c1ccccc1,O=C(O)c1ccc2nccnc2c1,C[C@@H](NC(=O)c1ccc2nccnc2c1)c1ccccc1
214,Cc1ccc2cccc(N)c2n1,O=C(O)c1ccc2nccnc2c1,Cc1ccc2cccc(NC(=O)c3ccc4nccnc4c3)c2n1
215,Cc1ccc(N)nc1,O=C(O)Cc1ccc2c(c1)OCO2,Cc1ccc(NC(=O)Cc2ccc3c(c2)OCO3)nc1
216,C#Cc1cccc(N)c1,Cc1c(C(=O)O)oc2ccccc12,C#Cc1cccc(NC(=O)c2oc3ccccc3c2C)c1
217,CNOC,O=C(O)Cc1ccc2c(c1)C(=O)c1ccccc1CO2,CON(C)C(=O)Cc1ccc2c(c1)C(=O)c1ccccc1CO2
218,COC(=O)c1ccc(N)cc1OC,O=C(O)COc1ccccc1,COC(=O)c1ccc(NC(=O)COc2ccccc2)cc1OC
219,CNOC,O=C(O)c1cccc(-c2ccccc2)c1,CON(C)C(=O)c1cccc(-c2ccccc2)c1
220,C[C@@H](N)c1ccccc1,Cc1ccc(C(=O)O)cc1F,Cc1ccc(C(=O)N[C@H](C)c2ccccc2)cc1F
221,CNOC,O=C(O)COc1ccccc1,CON(C)C(=O)COc1ccccc1
222,CNOC,Cn1cc(C(=O)O)c(C(F)F)n1,CON(C)C(=O)c1cn(C)nc1C(F)F
223,CCOc1cc(N)ccn1,O=C(O)COc1ccccc1,CCOc1cc(NC(=O)COc2ccccc2)ccn1
224,NCc1cccc2ccccc12,Cc1ccc(CC(=O)O)cc1,Cc1ccc(CC(=O)NCc2cccc3ccccc23)cc1
225,CC(=O)c1ccc(N)cc1,O=C(O)C(c1ccccc1)c1ccccc1,CC(=O)c1ccc(NC(=O)C(c2ccccc2)c2ccccc2)cc1
226,Cc1ccc([N+](=O)[O-])cc1N,CC(C)(C)c1cc(C(=O)O)cc(C(C)(C)C)c1,Cc1ccc([N+](=O)[O-])cc1NC(=O)c1cc(C(C)(C)C)cc(C(C)(C)C)c1
227,NCc1ccc(F)cc1F,O=C(O)c1ncccn1,O=C(NCc1ccc(F)cc1F)c1ncccn1
228,COc1ccc(N)cc1,Cn1cc(C(=O)O)c(C(F)F)n1,COc1ccc(NC(=O)c2cn(C)nc2C(F)F)cc1
229,CCOc1cc(N)ccn1,O=C(O)Cc1cc(F)cc(F)c1,CCOc1cc(NC(=O)Cc2cc(F)cc(F)c2)ccn1
230,CC(=O)c1ccc(N)cc1,O=C(O)Cc1ccc2c(c1)C(=O)c1ccccc1CO2,CC(=O)c1ccc(NC(=O)Cc2ccc3c(c2)C(=O)c2ccccc2CO3)cc1
231,CCOC(=O)c1cccc(N)c1,Cc1ccc(C(=O)O)c2ccccc12,CCOC(=O)c1cccc(NC(=O)c2ccc(C)c3ccccc23)c1
232,CNc1ccc(OC)cc1,O=C(O)c1ncccn1,COc1ccc(N(C)C(=O)c2ncccn2)cc1
233,Nc1ccc(Cl)cc1,O=C(O)Cc1ccc2c(c1)OCO2,O=C(Cc1ccc2c(c1)OCO2)Nc1ccc(Cl)cc1
234,CCCCN1CCNCC1,Cc1cc(C(=O)O)cc(Cl)n1,CCCCN1CCN(C(=O)c2cc(C)nc(Cl)c2)CC1
235,NCc1ccc(F)cc1F,Cc1cc(C)cc(C(=O)O)c1,Cc1cc(C)cc(C(=O)NCc2ccc(F)cc2F)c1
236,CCNC(C)C,O=C(O)C(c1ccccc1)c1ccccc1,CCN(C(=O)C(c1ccccc1)c1ccccc1)C(C)C
237,Cc1ccc(N)c(C)c1,Cc1ccc(CC(=O)O)cc1,Cc1ccc(CC(=O)Nc2ccc(C)cc2C)cc1
238,CNc1ccc(OC)cc1,Cc1c(C(=O)O)oc2ccccc12,COc1ccc(N(C)C(=O)c2oc3ccccc3c2C)cc1
239,CSc1cccc(N)c1,Cc1ccc2cc(C(=O)O)ccc2n1,CSc1cccc(NC(=O)c2ccc3nc(C)ccc3c2)c1
240,CNc1ccc(F)cc1,O=C(O)c1cc2ccccc2s1,CN(C(=O)c1cc2ccccc2s1)c1ccc(F)cc1
241,NCc1ccc2c(c1)OCO2,O=C(O)C1CCC(F)(F)CC1,O=C(NCc1ccc2c(c1)OCO2)C1CCC(F)(F)CC1
242,CC(=O)c1ccc(N)cc1,COc1ccc2cc(C(C)C(=O)O)ccc2c1,COc1ccc2cc(C(C)C(=O)Nc3ccc(C(C)=O)cc3)ccc2c1
243,NCc1ccc(F)cc1F,O=C(O)c1ccc2nccnc2c1,O=C(NCc1ccc(F)cc1F)c1ccc2nccnc2c1
244,NCc1cccc2ccccc12,O=C(O)Cc1ccc2c(c1)OCO2,O=C(Cc1ccc2c(c1)OCO2)NCc1cccc2ccccc12
245,Cc1ccc([N+](=O)[O-])cc1N,Cc1cc(C(=O)O)cc(Cl)n1,Cc1cc(C(=O)Nc2cc([N+](=O)[O-])ccc2C)cc(Cl)n1
246,NCc1ccc2c(c1)OCO2,O=C(O)c1ncccn1,O=C(NCc1ccc2c(c1)OCO2)c1ncccn1
247,Nc1ccc(Cl)cc1,O=C(O)COc1ccccc1,O=C(COc1ccccc1)Nc1ccc(Cl)cc1
248,Nc1ccc2nccnc2c1,Cc1cc(C(=O)O)cc(Cl)n1,Cc1cc(C(=O)Nc2ccc3nccnc3c2)cc(Cl)n1
249,Cc1ccccc1N,O=C(O)c1ccco1,Cc1ccccc1NC(=O)c1ccco1
250,CCCNC,Cc1c(C(=O)O)oc2ccccc12,CCCN(C)C(=O)c1oc2ccccc2c1C
251,COc1ccc(N)cn1,O=C(O)c1cnccn1,COc1ccc(NC(=O)c2cnccn2)cn1
252,Cc1ccc(N)c(C)c1,O=C(O)c1ccc2c(c1)OC(F)(F)O2,Cc1ccc(NC(=O)c2ccc3c(c2)OC(F)(F)O3)c(C)c1
253,COc1ccc(CN)cc1,Cc1cc(C)cc(C(=O)O)c1,COc1ccc(CNC(=O)c2cc(C)cc(C)c2)cc1
254,COc1ccc(N)cc1,Cc1ccc(C(=O)O)cc1F,COc1ccc(NC(=O)c2ccc(C)c(F)c2)cc1
255,NCc1ccc(F)cc1F,COc1ccc2cc(C(C)C(=O)O)ccc2c1,COc1ccc2cc(C(C)C(=O)NCc3ccc(F)cc3F)ccc2c1
256,NCc1ccc2c(c1)OCO2,CC(C(=O)O)c1ccc(-c2ccccc2)c(F)c1,CC(C(=O)NCc1ccc2c(c1)OCO2)c1ccc(-c2ccccc2)c(F)c1
257,CNOC,O=C(O)c1ccc(Br)s1,CON(C)C(=O)c1ccc(Br)s1
258,C#Cc1cccc(N)c1,O=C(O)c1ccc2nccnc2c1,C#Cc1cccc(NC(=O)c2ccc3nccnc3c2)c1
259,Nc1ccc2c(c1)OCCO2,O=C(O)COc1ccccc1,O=C(COc1ccccc1)Nc1ccc2c(c1)OCCO2
260,CC1COCCN1,Cc1c(C(=O)O)oc2ccccc12,Cc1c(C(=O)N2CCOCC2C)oc2ccccc12
261,Cc1ccc(N)cc1,O=C(O)c1ncccn1,Cc1ccc(NC(=O)c2ncccn2)cc1
262,Cc1ccc2cccc(N)c2n1,COc1ccc2cc(C(C)C(=O)O)ccc2c1,COc1ccc2cc(C(C)C(=O)Nc3cccc4ccc(C)nc34)ccc2c1
263,Cc1ccc(N)c(C)c1,O=C(O)COc1ccccc1,Cc1ccc(NC(=O)COc2ccccc2)c(C)c1
264,Cc1ccc2cccc(N)c2n1,O=C(O)C1C[C@H]1c1ccccc1,Cc1ccc2cccc(NC(=O)C3C[C@H]3c3ccccc3)c2n1
265,C[C@@H](N)c1ccccc1,O=C(O)Cc1cc(F)cc(F)c1,C[C@@H](NC(=O)Cc1cc(F)cc(F)c1)c1ccccc1
266,COc1ccc(N)cc1,O=C(O)c1ccnc(C(F)(F)F)c1,COc1ccc(NC(=O)c2ccnc(C(F)(F)F)c2)cc1
267,CC1COCCN1,O=C(O)C(c1ccccc1)c1ccccc1,CC1COCCN1C(=O)C(c1ccccc1)c1ccccc1
268,CC(=O)c1ccc(N)cc1,O=C(O)c1ccco1,CC(=O)c1ccc(NC(=O)c2ccco2)cc1
269,NCc1ccc(Cl)cc1,O=C(O)c1ccco1,O=C(NCc1ccc(Cl)cc1)c1ccco1
270,COc1ccc(N)cn1,O=C(O)C1Cc2ccccc2C1,COc1ccc(NC(=O)C2Cc3ccccc3C2)cn1
271,CCNc1cccc(C)c1,Cc1c(C(=O)O)oc2ccccc12,CCN(C(=O)c1oc2ccccc2c1C)c1cccc(C)c1
272,Cc1cccc(N)c1C,CC(NC(=O)OCc1ccccc1)C(=O)O,Cc1cccc(NC(=O)C(C)NC(=O)OCc2ccccc2)c1C
273,CNc1ccc(F)cc1,O=C(O)c1cc(Cl)cc(Cl)n1,CN(C(=O)c1cc(Cl)cc(Cl)n1)c1ccc(F)cc1
274,Cc1cccc(N)c1C,Cc1cc(C(=O)O)cc(Cl)n1,Cc1cc(C(=O)Nc2cccc(C)c2C)cc(Cl)n1
275,Cc1ccc([N+](=O)[O-])cc1N,Cc1ccc(CC(=O)O)cc1,Cc1ccc(CC(=O)Nc2cc([N+](=O)[O-])ccc2C)cc1
276,NCc1ccc(Cl)cc1,Cc1ccc(CC(=O)O)cc1,Cc1ccc(CC(=O)NCc2ccc(Cl)cc2)cc1
277,CNOC,CC(C(=O)O)c1ccc(CC2CCCC2=O)cc1,CON(C)C(=O)C(C)c1ccc(CC2CCCC2=O)cc1
278,Cc1ccc(Cl)c(N)c1,O=C(O)Cc1ccc([N+](=O)[O-])cc1,Cc1ccc(Cl)c(NC(=O)Cc2ccc([N+](=O)[O-])cc2)c1
279,C[C@H](N)c1cccc2ccccc12,O=C(O)c1ccc2c(c1)OCCO2,CC(NC(=O)c1ccc2c(c1)OCCO2)c1cccc2ccccc12
280,Nc1ccc(Cl)cc1,Cn1cc(C(=O)O)c(C(F)F)n1,Cn1cc(C(=O)Nc2ccc(Cl)cc2)c(C(F)F)n1
281,Cc1ccc(N)c(C)c1,Cc1ccc(C(=O)O)c2ccccc12,Cc1ccc(NC(=O)c2ccc(C)c3ccccc23)c(C)c1
282,CNOC,O=C(O)C1Cc2ccccc2C1,CON(C)C(=O)C1Cc2ccccc2C1
283,Nc1ccc2nccnc2c1,O=C(O)c1cc2ccccc2s1,O=C(Nc1ccc2nccnc2c1)c1cc2ccccc2s1
284,NCc1ccc2c(c1)OCO2,O=C(O)C1CCN(C(=O)OCc2ccccc2)CC1,O=C(NCc1ccc2c(c1)OCO2)C1CCN(C(=O)OCc2ccccc2)CC1
285,CCCNC,O=C(O)Cc1ccc2c(c1)OCO2,CCCN(C)C(=O)Cc1ccc2c(c1)OCO2
286,NCc1ccccc1,CC(C(=O)O)c1ccc(-c2ccccc2)c(F)c1,CC(C(=O)NCc1ccccc1)c1ccc(-c2ccccc2)c(F)c1
287,NCc1ccc(Cl)cc1,O=C(O)Cc1cc(F)cc(F)c1,O=C(Cc1cc(F)cc(F)c1)NCc1ccc(Cl)cc1
288,NCc1cccc2ccccc12,Cc1ccc2cc(C(=O)O)ccc2n1,Cc1ccc2cc(C(=O)NCc3cccc4ccccc34)ccc2n1
289,NCc1cccc2ccccc12,O=C(O)COc1ccccc1,O=C(COc1ccccc1)NCc1cccc2ccccc12
290,CNOC,Cc1c(C(=O)O)oc2ccccc12,CON(C)C(=O)c1oc2ccccc2c1C
291,Cc1ccc2cccc(N)c2n1,O=C(O)Cc1ccc2c(c1)OCO2,Cc1ccc2cccc(NC(=O)Cc3ccc4c(c3)OCO4)c2n1
292,Cc1ccc2cccc(N)c2n1,Cc1ccc2cc(C(=O)O)ccc2n1,Cc1ccc2cc(C(=O)Nc3cccc4ccc(C)nc34)ccc2n1
293,NCc1cccc2ccccc12,O=C(O)Cc1ccc2c(c1)C(=O)c1ccccc1CO2,O=C(Cc1ccc2c(c1)C(=O)c1ccccc1CO2)NCc1cccc2ccccc12
294,CCCCN1CCNCC1,COc1ccc(C(=O)O)cc1,CCCCN1CCN(C(=O)c2ccc(OC)cc2)CC1
295,NCc1ccco1,O=C(O)Cc1ccc2c(c1)C(=O)c1ccccc1CO2,O=C(Cc1ccc2c(c1)C(=O)c1ccccc1CO2)NCc1ccco1
296,COc1ccc(CN)cc1,CC(C)Cc1ccc(C(C)C(=O)O)cc1,COc1ccc(CNC(=O)C(C)c2ccc(CC(C)C)cc2)cc1
297,Nc1ccc2scnc2c1,O=C(O)Cc1ccc2c(c1)OCO2,O=C(Cc1ccc2c(c1)OCO2)Nc1ccc2scnc2c1
298,CC(=O)c1ccc(N)cc1,O=C(O)COc1ccccc1,CC(=O)c1ccc(NC(=O)COc2ccccc2)cc1
299,Nc1ccc(F)nc1,O=C(O)COc1ccccc1,O=C(COc1ccccc1)Nc1ccc(F)nc1
300,NC1CCc2ccccc21,O=C(O)c1ccccc1Cc1ccccc1,O=C(NC1CCc2ccccc21)c1ccccc1Cc1ccccc1
301,Nc1ccc2scnc2c1,O=C(O)Cc1ccc2c(c1)C(=O)c1ccccc1CO2,O=C(Cc1ccc2c(c1)C(=O)c1ccccc1CO2)Nc1ccc2scnc2c1
302,COc1ccc(N)cn1,CC(C)Cc1ccc(C(C)C(=O)O)cc1,COc1ccc(NC(=O)C(C)c2ccc(CC(C)C)cc2)cn1
303,CSc1cccc(N)c1,Cc1ccc(C(=O)O)cc1F,CSc1cccc(NC(=O)c2ccc(C)c(F)c2)c1
304,NCc1ccc(F)cc1,Cc1cc(C)cc(C(=O)O)c1,Cc1cc(C)cc(C(=O)NCc2ccc(F)cc2)c1
305,COc1ccc(N)cc1C,Cc1c(C(=O)O)oc2ccccc12,COc1ccc(NC(=O)c2oc3ccccc3c2C)cc1C
306,CC(=O)c1ccc(N)cc1,O=C(O)c1ccc([N+](=O)[O-])s1,CC(=O)c1ccc(NC(=O)c2ccc([N+](=O)[O-])s2)cc1
307,C#Cc1cccc(N)c1,Cc1ccc(CC(=O)O)cc1,C#Cc1cccc(NC(=O)Cc2ccc(C)cc2)c1
308,COC(=O)c1ccc(N)cc1,Cc1ccc(C(=O)O)cc1,COC(=O)c1ccc(NC(=O)c2ccc(C)cc2)cc1
309,COc1ccc(N)cc1C,O=C(O)c1ccc2c(c1)OC(F)(F)O2,COc1ccc(NC(=O)c2ccc3c(c2)OC(F)(F)O3)cc1C
310,C#Cc1cccc(N)c1,O=C(O)COc1ccccc1,C#Cc1cccc(NC(=O)COc2ccccc2)c1
311,CNOC,N#Cc1ccc(C(=O)O)cc1,CON(C)C(=O)c1ccc(C#N)cc1
312,CNOC,O=C(O)c1ccnc(C(F)(F)F)c1,CON(C)C(=O)c1ccnc(C(F)(F)F)c1
313,CNOC,Cc1cc(C)cc(C(=O)O)c1,CON(C)C(=O)c1cc(C)cc(C)c1
314,Cc1cccc(N)c1C,O=C(O)c1ccc2nccnc2c1,Cc1cccc(NC(=O)c2ccc3nccnc3c2)c1C
315,NCC1CC1,O=C(O)Cc1ccc(C(F)(F)F)cc1,O=C(Cc1ccc(C(F)(F)F)cc1)NCC1CC1
316,COc1ccc(N)cc1C,CC(C)(C)c1cc(C(=O)O)cc(C(C)(C)C)c1,COc1ccc(NC(=O)c2cc(C(C)(C)C)cc(C(C)(C)C)c2)cc1C
317,Cc1ccc([N+](=O)[O-])cc1N,O=C(O)Cc1ccc2c(c1)OCO2,Cc1ccc([N+](=O)[O-])cc1NC(=O)Cc1ccc2c(c1)OCO2
318,Cc1ccc(N)nc1,O=C(O)c1ccc2c(c1)OCCO2,Cc1ccc(NC(=O)c2ccc3c(c2)OCCO3)nc1
319,COc1ccc(N)cn1,O=C(O)c1cccc(-c2ccccc2)c1,COc1ccc(NC(=O)c2cccc(-c3ccccc3)c2)cn1
320,NCc1ccccc1,O=C(O)Cc1ccc2c(c1)OCO2,O=C(Cc1ccc2c(c1)OCO2)NCc1ccccc1
321,COC(=O)c1cc(F)ccc1N,O=C(O)C1CN(C(=O)OCc2ccccc2)C1,COC(=O)c1cc(F)ccc1NC(=O)C1CN(C(=O)OCc2ccccc2)C1
322,CC1CCCNC1,O=C(O)c1cc(Cl)cc(Cl)n1,CC1CCCN(C(=O)c2cc(Cl)cc(Cl)n2)C1
323,Cc1cccc(N)c1C,O=C(O)COc1ccccc1,Cc1cccc(NC(=O)COc2ccccc2)c1C
324,CCNC(C)C,Cc1cc(C(=O)O)cc(Cl)n1,CCN(C(=O)c1cc(C)nc(Cl)c1)C(C)C
325,Cc1ccccc1N,Cc1ccc(C(=O)O)c2ccccc12,Cc1ccccc1NC(=O)c1ccc(C)c2ccccc12
326,Nc1ccc2c(c1)OCCO2,O=C(O)Cc1ccc2c(c1)OCO2,O=C(Cc1ccc2c(c1)OCO2)Nc1ccc2c(c1)OCCO2
327,NCc1ccccc1C(F)(F)F,O=C(O)c1ccc(Br)s1,O=C(NCc1ccccc1C(F)(F)F)c1ccc(Br)s1
328,NCc1ccccc1,COc1ccc2cc(C(C)C(=O)O)ccc2c1,COc1ccc2cc(C(C)C(=O)NCc3ccccc3)ccc2c1
329,CNOC,CC(C)(C(=O)O)c1ccccc1,CON(C)C(=O)C(C)(C)c1ccccc1
330,CC(=O)c1ccc(N)cc1,O=C(O)C1(c2ccccc2)CC1,CC(=O)c1ccc(NC(=O)C2(c3ccccc3)CC2)cc1
331,Cc1ccc(N)c(C)c1,Cc1ccc(C(=O)O)cc1F,Cc1ccc(NC(=O)c2ccc(C)c(F)c2)c(C)c1
332,NCc1ccc2c(c1)OCO2,Cc1ccc(CC(=O)O)cc1,Cc1ccc(CC(=O)NCc2ccc3c(c2)OCO3)cc1
333,Cc1ccc(N)c(C)c1,O=C(O)Cc1ccc2c(c1)OCO2,Cc1ccc(NC(=O)Cc2ccc3c(c2)OCO3)c(C)c1
334,NCc1cccc2ccccc12,O=C(O)c1ccc2nccnc2c1,O=C(NCc1cccc2ccccc12)c1ccc2nccnc2c1
335,CNOC,O=C(O)c1ccc2c(c1)OC(F)(F)O2,CON(C)C(=O)c1ccc2c(c1)OC(F)(F)O2
336,COc1ccc(N)cc1C,O=C(O)c1ccc([N+](=O)[O-])s1,COc1ccc(NC(=O)c2ccc([N+](=O)[O-])s2)cc1C
337,C[C@@H](N)c1ccccc1,O=C(O)/C=C/c1ccccc1,C[C@@H](NC(=O)/C=C/c1ccccc1)c1ccccc1
338,CC(=O)c1ccc(N)cc1,O=C(O)c1ccc(C(F)(F)F)cn1,CC(=O)c1ccc(NC(=O)c2ccc(C(F)(F)F)cn2)cc1
339,NCc1cccc2ccccc12,CC(C(=O)O)c1ccc(CC2CCCC2=O)cc1,CC(C(=O)NCc1cccc2ccccc12)c1ccc(CC2CCCC2=O)cc1
340,CCCNC,Cc1cc(C(=O)O)cc(Cl)n1,CCCN(C)C(=O)c1cc(C)nc(Cl)c1
341,Cc1ccc2cccc(N)c2n1,O=C(O)Cc1ccc(C(F)(F)F)cc1,Cc1ccc2cccc(NC(=O)Cc3ccc(C(F)(F)F)cc3)c2n1
342,Cc1ccc(N)c(C)c1,Cc1cc(C(=O)O)cc(Cl)n1,Cc1ccc(NC(=O)c2cc(C)nc(Cl)c2)c(C)c1
343,Nc1ccc2c(c1)OCCO2,O=C(O)Cc1cc(F)cc(F)c1,O=C(Cc1cc(F)cc(F)c1)Nc1ccc2c(c1)OCCO2
344,CNc1ccc(OC)cc1,O=C(O)c1ccc([N+](=O)[O-])s1,COc1ccc(N(C)C(=O)c2ccc([N+](=O)[O-])s2)cc1
345,Cc1ccc(N)c(C)c1,O=C(O)c1ccco1,Cc1ccc(NC(=O)c2ccco2)c(C)c1
346,CSc1cccc(N)c1,O=C(O)c1ccco1,CSc1cccc(NC(=O)c2ccco2)c1
347,COc1ccc(N)cn1,O=C(O)C1C[C@H]1c1ccccc1,COc1ccc(NC(=O)C2C[C@H]2c2ccccc2)cn1
348,Cc1cccc(N)c1C,Cc1c(C(=O)O)oc2ccccc12,Cc1cccc(NC(=O)c2oc3ccccc3c2C)c1C
349,NCc1cccc2ccccc12,O=C(O)c1cnccn1,O=C(NCc1cccc2ccccc12)c1cnccn1
350,NC1CCc2ccccc21,O=C(O)c1ccc2nccnc2c1,O=C(NC1CCc2ccccc21)c1ccc2nccnc2c1
351,COC(=O)c1ccc(N)cc1OC,O=C(O)c1ccc2c(c1)OC(F)(F)O2,COC(=O)c1ccc(NC(=O)c2ccc3c(c2)OC(F)(F)O3)cc1OC
352,NCc1ccc(F)cc1F,Cc1ccc2cc(C(=O)O)ccc2n1,Cc1ccc2cc(C(=O)NCc3ccc(F)cc3F)ccc2n1
353,Cc1ccccc1N,Cc1cc(C(=O)O)cc(Cl)n1,Cc1cc(C(=O)Nc2ccccc2C)cc(Cl)n1
354,CNc1ccc(F)cc1,O=C(O)Cc1cc(F)cc(F)c1,CN(C(=O)Cc1cc(F)cc(F)c1)c1ccc(F)cc1
355,COc1ccc(CN)cc1,CC(C)(C(=O)O)c1ccccc1,COc1ccc(CNC(=O)C(C)(C)c2ccccc2)cc1
356,COc1ccc(N)cn1,O=C(O)c1ccc(C(F)(F)F)cn1,COc1ccc(NC(=O)c2ccc(C(F)(F)F)cn2)cn1
357,CC(=O)c1ccc(N)cc1,O=C(O)C1C[C@H]1c1ccccc1,CC(=O)c1ccc(NC(=O)C2C[C@H]2c2ccccc2)cc1
358,Cc1ccc(N)cc1,Cc1cc(C(=O)O)cc(Cl)n1,Cc1ccc(NC(=O)c2cc(C)nc(Cl)c2)cc1
359,CCNC(C)C,Cc1ccc2cc(C(=O)O)ccc2n1,CCN(C(=O)c1ccc2nc(C)ccc2c1)C(C)C
360,NCc1ccc(F)cc1,Cc1ccc(C(=O)O)cc1F,Cc1ccc(C(=O)NCc2ccc(F)cc2)cc1F
361,Nc1ccncc1[N+](=O)[O-],O=C(O)Cc1ccc2c(c1)C(=O)c1ccccc1CO2,O=C(Cc1ccc2c(c1)C(=O)c1ccccc1CO2)Nc1ccncc1[N+](=O)[O-]
362,Nc1ccc(Cl)cc1,O=C(O)c1ccc(C(F)(F)F)cn1,O=C(Nc1ccc(Cl)cc1)c1ccc(C(F)(F)F)cn1
363,CCNc1cccc(C)c1,O=C(O)c1ccc([N+](=O)[O-])s1,CCN(C(=O)c1ccc([N+](=O)[O-])s1)c1cccc(C)c1
364,CSc1cccc(N)c1,Cc1ccc(C(=O)O)cc1,CSc1cccc(NC(=O)c2ccc(C)cc2)c1
365,NC1CCCCC1,O=C(O)Cc1ccc([N+](=O)[O-])cc1,O=C(Cc1ccc([N+](=O)[O-])cc1)NC1CCCCC1
366,CC(C)Nc1ccccc1,O=C(O)c1ccco1,CC(C)N(C(=O)c1ccco1)c1ccccc1
367,COc1ccc(N)cc1C,O=C(O)c1ccnc(C(F)(F)F)c1,COc1ccc(NC(=O)c2ccnc(C(F)(F)F)c2)cc1C
368,NCc1ccc(F)cc1,O=C(O)Cc1ccc2c(c1)OCO2,O=C(Cc1ccc2c(c1)OCO2)NCc1ccc(F)cc1
369,NCc1ccc(F)cc1,O=C(O)Cc1ccc2c(c1)C(=O)c1ccccc1CO2,O=C(Cc1ccc2c(c1)C(=O)c1ccccc1CO2)NCc1ccc(F)cc1
370,COc1ccc(CN)cc1,CC(C(=O)O)c1ccc(-c2ccccc2)c(F)c1,COc1ccc(CNC(=O)C(C)c2ccc(-c3ccccc3)c(F)c2)cc1
371,COc1ccc(N)cn1,CC(C(=O)O)c1ccc(CC2CCCC2=O)cc1,COc1ccc(NC(=O)C(C)c2ccc(CC3CCCC3=O)cc2)cn1
372,CCOC(=O)c1cccc(N)c1,O=C(O)c1ccc([N+](=O)[O-])s1,CCOC(=O)c1cccc(NC(=O)c2ccc([N+](=O)[O-])s2)c1
373,CNOC,O=C(O)c1ccccc1,CON(C)C(=O)c1ccccc1
374,COC(=O)c1cc(F)ccc1N,O=C(O)Cc1ccc2c(c1)OCO2,COC(=O)c1cc(F)ccc1NC(=O)Cc1ccc2c(c1)OCO2
375,COc1ccc(CN)cc1,O=C(O)C1(c2ccccc2)CC1,COc1ccc(CNC(=O)C2(c3ccccc3)CC2)cc1
376,Cc1ccccc1N,Cc1ccc(C(=O)O)cc1F,Cc1ccc(C(=O)Nc2ccccc2C)cc1F
377,C1COCCN1,O=C(O)C(c1ccccc1)c1ccccc1,O=C(C(c1ccccc1)c1ccccc1)N1CCOCC1
378,CNc1ccc(F)cc1,O=C(O)c1ccc2nccnc2c1,CN(C(=O)c1ccc2nccnc2c1)c1ccc(F)cc1
379,NCc1cccc2ccccc12,CC(C)(C(=O)O)c1ccccc1,CC(C)(C(=O)NCc1cccc2ccccc12)c1ccccc1
380,CNOC,O=C(O)c1ccc(-c2ccccc2)cc1,CON(C)C(=O)c1ccc(-c2ccccc2)cc1
381,Nc1ccc2scnc2c1,O=C(O)Cc1cc(F)cc(F)c1,O=C(Cc1cc(F)cc(F)c1)Nc1ccc2scnc2c1
382,NCc1ccc2c(c1)OCO2,CC(C(=O)O)c1ccc(CC2CCCC2=O)cc1,CC(C(=O)NCc1ccc2c(c1)OCO2)c1ccc(CC2CCCC2=O)cc1
383,COc1ccc(N)cc1C,CC(C(=O)O)c1ccc(-c2ccccc2)c(F)c1,COc1ccc(NC(=O)C(C)c2ccc(-c3ccccc3)c(F)c2)cc1C
384,NCc1cccc2ccccc12,O=C(O)Cc1ccc2c(c1)OCO2,O=C(Cc1ccc2c(c1)OCO2)NCc1cccc2ccccc12
385,COC(=O)c1cc(F)ccc1N,O=C(O)C(c1ccccc1)c1ccccc1,COC(=O)c1cc(F)ccc1NC(=O)C(c1ccccc1)c1ccccc1
386,CCNc1cccc(C)c1,O=C(O)Cc1ccc2c(c1)OCO2,CCN(C(=O)Cc1ccc2c(c1)OCO2)c1cccc(C)c1
387,Cc1ccc2cccc(N)c2n1,O=C(O)c1ccc(Br)s1,Cc1ccc2cccc(NC(=O)c3ccc(Br)s3)c2n1
388,Cc1ccccc1N,O=C(O)c1ccc2nccnc2c1,Cc1ccccc1NC(=O)c1ccc2nccnc2c1
389,Cc1ccc2cccc(N)c2n1,O=C(O)c1ncccn1,Cc1ccc2cccc(NC(=O)c3ncccn3)c2n1
390,COc1ccc(CN)cc1,Cc1cc(C)c(C(=O)O)c(C)c1,COc1ccc(CNC(=O)c2c(C)cc(C)cc2C)cc1
391,Cc1ccc2cccc(N)c2n1,O=C(O)Cc1ccc2c(c1)OCO2,Cc1ccc2cccc(NC(=O)Cc3ccc4c(c3)OCO4)c2n1
392,COc1ccc(N)cc1C,O=C(O)c1cnccn1,COc1ccc(NC(=O)c2cnccn2)cc1C
393,CCOC(=O)c1cccc(N)c1,O=C(O)c1cc2ccccc2s1,CCOC(=O)c1cccc(NC(=O)c2cc3ccccc3s2)c1
394,C[C@H](N)c1cccc2ccccc12,O=C(O)C1Cc2ccccc2C1,CC(NC(=O)C1Cc2ccccc2C1)c1cccc2ccccc12
395,C#Cc1cccc(N)c1,Cc1ccc(C(=O)O)cc1F,C#Cc1cccc(NC(=O)c2ccc(C)c(F)c2)c1
396,COC(=O)c1cc(S(N)(=O)=O)ccc1OC,Cc1ccc(CC(=O)O)cc1,COC(=O)c1cc(S(=O)(=O)NC(=O)Cc2ccc(C)cc2)ccc1OC
397,C1CCNC1,O=C(O)C(c1ccccc1)c1ccccc1,O=C(C(c1ccccc1)c1ccccc1)N1CCCC1
398,NCc1cccc2ccccc12,O=C(O)Cc1cc(F)cc(F)c1,O=C(Cc1cc(F)cc(F)c1)NCc1cccc2ccccc12
399,Cn1c(N)nc2ccccc21,CC(C)(C)c1cc(C(=O)O)cc(C(C)(C)C)c1,Cn1c(NC(=O)c2cc(C(C)(C)C)cc(C(C)(C)C)c2)nc2ccccc21
400,Cn1c(N)nc2ccccc21,O=C(O)c1ccnc(C(F)(F)F)c1,Cn1c(NC(=O)c2ccnc(C(F)(F)F)c2)nc2ccccc21
401,NCc1ccccc1C(F)(F)F,O=C(O)Cc1ccc2c(c1)C(=O)c1ccccc1CO2,O=C(Cc1ccc2c(c1)C(=O)c1ccccc1CO2)NCc1ccccc1C(F)(F)F
402,CC(C)Nc1ccccc1,O=C(O)Cc1ccc2c(c1)C(=O)c1ccccc1CO2,CC(C)N(C(=O)Cc1ccc2c(c1)C(=O)c1ccccc1CO2)c1ccccc1
403,NCc1cccc2ccccc12,O=C(O)c1ncccn1,O=C(NCc1cccc2ccccc12)c1ncccn1
404,Cc1ccc(N)c(C)c1,Cc1ccc(C(=O)O)cc1,Cc1ccc(C(=O)Nc2ccc(C)cc2C)cc1
405,Cc1cccc(N)c1C,Cc1ccc(C(=O)O)c2ccccc12,Cc1cccc(NC(=O)c2ccc(C)c3ccccc23)c1C
406,COC(=O)c1ccc(N)cc1OC,Cc1ccc2cc(C(=O)O)ccc2n1,COC(=O)c1ccc(NC(=O)c2ccc3nc(C)ccc3c2)cc1OC
407,COc1ccc(N)cc1C,Cc1ccc(C(=O)O)cc1,COc1ccc(NC(=O)c2ccc(C)cc2)cc1C
408,COc1ccc(N)cc1C,O=C(O)Cc1ccc([N+](=O)[O-])cc1,COc1ccc(NC(=O)Cc2ccc([N+](=O)[O-])cc2)cc1C
409,NCc1ccc2c(c1)OCO2,O=C(O)C1C[C@H]1c1ccccc1,O=C(NCc1ccc2c(c1)OCO2)C1C[C@H]1c1ccccc1
410,Cc1ccc2cccc(N)c2n1,O=C(O)C(c1ccccc1)c1ccccc1,Cc1ccc2cccc(NC(=O)C(c3ccccc3)c3ccccc3)c2n1
411,COc1ccc(N)cn1,O=C(O)c1cc2ccccc2s1,COc1ccc(NC(=O)c2cc3ccccc3s2)cn1
412,CNOC,O=C(O)c1ccc2nccnc2c1,CON(C)C(=O)c1ccc2nccnc2c1
413,Cc1cccc(N)c1C,Cc1ccc2cc(C(=O)O)ccc2n1,Cc1ccc2cc(C(=O)Nc3cccc(C)c3C)ccc2n1
414,CNOC,O=C(O)C1C[C@H]1c1ccccc1,CON(C)C(=O)C1C[C@H]1c1ccccc1
415,Nc1ccc(Cl)cn1,O=C(O)Cc1ccc2c(c1)OCO2,O=C(Cc1ccc2c(c1)OCO2)Nc1ccc(Cl)cn1
416,Cc1ccc2cccc(N)c2n1,CC(C(=O)O)c1ccc(CC2CCCC2=O)cc1,Cc1ccc2cccc(NC(=O)C(C)c3ccc(CC4CCCC4=O)cc3)c2n1
417,COc1ccc(N)cc1,Cc1cc(C)cc(C(=O)O)c1,COc1ccc(NC(=O)c2cc(C)cc(C)c2)cc1
418,NCc1ccccc1,O=C(O)Cc1ccc2c(c1)C(=O)c1ccccc1CO2,O=C(Cc1ccc2c(c1)C(=O)c1ccccc1CO2)NCc1ccccc1
419,Cc1ccc2cccc(N)c2n1,O=C(O)c1ccc(F)cn1,Cc1ccc2cccc(NC(=O)c3ccc(F)cn3)c2n1
420,Nc1ccc(F)nc1,O=C(O)C(c1ccccc1)c1ccccc1,O=C(Nc1ccc(F)nc1)C(c1ccccc1)c1ccccc1
421,CC(C)Nc1ccccc1,O=C(O)c1ccc(C(F)(F)F)cn1,CC(C)N(C(=O)c1ccc(C(F)(F)F)cn1)c1ccccc1
422,CC(=O)c1ccc(N)cc1,O=C(O)/C=C/c1ccccc1,CC(=O)c1ccc(NC(=O)/C=C/c2ccccc2)cc1
423,CCNc1ccccc1,Cc1ccc2cc(C(=O)O)ccc2n1,CCN(C(=O)c1ccc2nc(C)ccc2c1)c1ccccc1
424,Nc1ccc2nccnc2c1,O=C(O)c1ccnc(C(F)(F)F)c1,O=C(Nc1ccc2nccnc2c1)c1ccnc(C(F)(F)F)c1
425,COc1ccc(N)cc1C,O=C(O)c1cc2ccccc2s1,COc1ccc(NC(=O)c2cc3ccccc3s2)cc1C
426,C1CCNC1,Cc1ccc2cc(C(=O)O)ccc2n1,Cc1ccc2cc(C(=O)N3CCCC3)ccc2n1
427,CNOC,CC1(C)C(C(=O)O)C1(C)C,CON(C)C(=O)C1C(C)(C)C1(C)C
428,CNOC,O=C(O)Cc1ccc(C(F)(F)F)cc1,CON(C)C(=O)Cc1ccc(C(F)(F)F)cc1
429,COC(=O)c1ccc(N)cc1OC,O=C(O)c1ccc(C(F)(F)F)cn1,COC(=O)c1ccc(NC(=O)c2ccc(C(F)(F)F)cn2)cc1OC
430,CSc1cccc(N)c1,CC(C)(C(=O)O)c1ccccc1,CSc1cccc(NC(=O)C(C)(C)c2ccccc2)c1
431,Cc1ccccc1N,Cc1ccc(CC(=O)O)cc1,Cc1ccc(CC(=O)Nc2ccccc2C)cc1
432,CCc1cccc(N)c1,O=C(O)Cc1cc(F)cc(F)c1,CCc1cccc(NC(=O)Cc2cc(F)cc(F)c2)c1
433,NCc1ccc(Cl)cc1,O=C(O)c1ccc2nccnc2c1,O=C(NCc1ccc(Cl)cc1)c1ccc2nccnc2c1
434,CSc1cccc(N)c1,Cc1ccc(C(=O)O)c2ccccc12,CSc1cccc(NC(=O)c2ccc(C)c3ccccc23)c1
435,CCc1cccc(N)c1,O=C(O)Cc1ccc2c(c1)OCO2,CCc1cccc(NC(=O)Cc2ccc3c(c2)OCO3)c1
436,NCc1ccc2c(c1)OCO2,O=C(O)COc1ccccc1,O=C(COc1ccccc1)NCc1ccc2c(c1)OCO2
437,CC(=O)c1ccc(N)cc1,O=C(O)c1ccc2nccnc2c1,CC(=O)c1ccc(NC(=O)c2ccc3nccnc3c2)cc1
438,CCNc1cccc(C)c1,O=C(O)c1ccccc1Cc1ccccc1,CCN(C(=O)c1ccccc1Cc1ccccc1)c1cccc(C)c1
439,Cc1ccccc1N,O=C(O)c1ccc2c(c1)OC(F)(F)O2,Cc1ccccc1NC(=O)c1ccc2c(c1)OC(F)(F)O2
440,NCc1ccc2c(c1)OCO2,O=C(O)/C=C/c1ccccc1,O=C(/C=C/c1ccccc1)NCc1ccc2c(c1)OCO2
441,CSc1cccc(N)c1,O=C(O)COc1ccccc1,CSc1cccc(NC(=O)COc2ccccc2)c1
442,NCc1cccc2ccccc12,O=C(O)C(c1ccccc1)c1ccccc1,O=C(NCc1cccc2ccccc12)C(c1ccccc1)c1ccccc1
443,Cc1cccc(N)c1C,O=C(O)Cc1ccc2c(c1)OCO2,Cc1cccc(NC(=O)Cc2ccc3c(c2)OCO3)c1C
444,COC(=O)c1cc(S(N)(=O)=O)ccc1OC,O=C(O)COc1ccccc1,COC(=O)c1cc(S(=O)(=O)NC(=O)COc2ccccc2)ccc1OC
445,CNOC,O=C(O)c1ccc(F)cn1,CON(C)C(=O)c1ccc(F)cn1
446,Nc1ccc(Cl)cc1,COc1ccc2cc(C(C)C(=O)O)ccc2c1,COc1ccc2cc(C(C)C(=O)Nc3ccc(Cl)cc3)ccc2c1
447,Cc1ccc2cccc(N)c2n1,O=C(O)c1ccc(C(F)(F)F)cn1,Cc1ccc2cccc(NC(=O)c3ccc(C(F)(F)F)cn3)c2n1
448,NCc1ccc(F)cc1,Cc1ccc(C(=O)O)c2ccccc12,Cc1ccc(C(=O)NCc2ccc(F)cc2)c2ccccc12
449,NCc1ccc2c(c1)OCO2,CC(C(=O)O)c1ccc(CBr)cc1,CC(C(=O)NCc1ccc2c(c1)OCO2)c1ccc(CBr)cc1
450,CC(=O)c1ccc(N)cc1,Cc1c(C(=O)O)oc2ccccc12,CC(=O)c1ccc(NC(=O)c2oc3ccccc3c2C)cc1
451,NCc1ccc(F)cc1F,O=C(O)c1cnccn1,O=C(NCc1ccc(F)cc1F)c1cnccn1
452,Nc1ccc(F)nc1,O=C(O)Cc1cc(F)cc(F)c1,O=C(Cc1cc(F)cc(F)c1)Nc1ccc(F)nc1
453,CNc1ccc(OC)cc1,O=C(O)Cc1ccc2c(c1)OCO2,COc1ccc(N(C)C(=O)Cc2ccc3c(c2)OCO3)cc1
454,NCc1ccco1,Cc1ccc(CC(=O)O)cc1,Cc1ccc(CC(=O)NCc2ccco2)cc1
455,CSc1ccc(N)cc1,COc1ncc(Br)cc1C(=O)O,COc1ncc(Br)cc1C(=O)Nc1ccc(SC)cc1
456,Cc1ccc(CN)cc1,COc1ccc(CC(=O)O)cc1,COc1ccc(CC(=O)NCc2ccc(C)cc2)cc1
457,Cc1ccc(CN)cc1,COc1cc(C(=O)O)cc(OC)c1OC,COc1cc(C(=O)NCc2ccc(C)cc2)cc(OC)c1OC
458,Cc1ccc(CN)cc1,O=C(O)C1c2ccccc2Oc2ccccc21,Cc1ccc(CNC(=O)C2c3ccccc3Oc3ccccc32)cc1
459,Cc1ccc(CN)cc1,COc1ncc(Br)cc1C(=O)O,COc1ncc(Br)cc1C(=O)NCc1ccc(C)cc1
460,NCc1ccc(Br)cc1,CC(C)(C)OC(=O)N1CC2(CC2)CC1C(=O)O,CC(C)(C)OC(=O)N1CC2(CC2)CC1C(=O)NCc1ccc(Br)cc1
461,C#CC(C)(C)N,O=C(O)C1c2ccccc2Oc2ccccc21,C#CC(C)(C)NC(=O)C1c2ccccc2Oc2ccccc21
462,CSc1ccc(N)cc1,Cc1ccc(F)cc1C(=O)O,CSc1ccc(NC(=O)c2cc(F)ccc2C)cc1
463,C#CC(C)(C)N,Cc1ccc(F)cc1C(=O)O,C#CC(C)(C)NC(=O)c1cc(F)ccc1C
464,Cc1ccc(CN)cc1,CC(C)(C)c1cc(C(=O)O)cc(C(C)(C)C)c1,Cc1ccc(CNC(=O)c2cc(C(C)(C)C)cc(C(C)(C)C)c2)cc1
465,Cc1ccc(CN)cc1,O=C(O)c1ccc2c(c1)OCCO2,Cc1ccc(CNC(=O)c2ccc3c(c2)OCCO3)cc1
466,NCc1ccc(Br)cc1,O=C(O)C1C[C@H]1c1ccccc1,O=C(NCc1ccc(Br)cc1)C1C[C@H]1c1ccccc1
467,Cc1ccc(CN)cc1,O=C(O)C(c1ccccc1)c1ccccc1,Cc1ccc(CNC(=O)C(c2ccccc2)c2ccccc2)cc1
468,Cc1ccc(CN)cc1,O=C(O)Cc1ccc2c(c1)OCO2,Cc1ccc(CNC(=O)Cc2ccc3c(c2)OCO3)cc1
469,COc1ccc(N)cc1OC,O=C(O)COc1ccccc1,COc1ccc(NC(=O)COc2ccccc2)cc1OC
470,Cc1ccc(Oc2ccc(N)cc2)cc1,O=C(O)C1CCCN1C(=O)OCc1ccccc1,Cc1ccc(Oc2ccc(NC(=O)C3CCCN3C(=O)OCc3ccccc3)cc2)cc1
471,Cc1ccc(Oc2ccc(N)cc2)cc1,O=C(O)Cc1ccc2c(c1)OCO2,Cc1ccc(Oc2ccc(NC(=O)Cc3ccc4c(c3)OCO4)cc2)cc1
472,Cc1ccc(CN)cc1,O=C(O)c1ccc([N+](=O)[O-])cc1,Cc1ccc(CNC(=O)c2ccc([N+](=O)[O-])cc2)cc1
473,C#CC(C)(C)N,O=C(O)c1ccc2nccnc2c1,C#CC(C)(C)NC(=O)c1ccc2nccnc2c1
474,Cc1ccc(Oc2ccc(N)cc2)cc1,O=C(O)c1ccc(F)cn1,Cc1ccc(Oc2ccc(NC(=O)c3ccc(F)cn3)cc2)cc1
475,NS(=O)(=O)c1cc(F)cc(F)c1,O=C(O)c1ccnc(C(F)(F)F)c1,O=C(NS(=O)(=O)c1cc(F)cc(F)c1)c1ccnc(C(F)(F)F)c1
476,Cc1ccc(Oc2ccc(N)cc2)cc1,Cc1cc(C)c(C(=O)O)c(C)c1,Cc1ccc(Oc2ccc(NC(=O)c3c(C)cc(C)cc3C)cc2)cc1
477,C#CC(C)(C)N,O=C(O)Cc1ccc2c(c1)C(=O)c1ccccc1CO2,C#CC(C)(C)NC(=O)Cc1ccc2c(c1)C(=O)c1ccccc1CO2
478,COc1ccc(N)cc1OC,O=C(O)Cc1cc(F)cc(F)c1,COc1ccc(NC(=O)Cc2cc(F)cc(F)c2)cc1OC
479,NCc1ccc(Br)cc1,O=C(O)c1cc(Cl)cc(Cl)n1,O=C(NCc1ccc(Br)cc1)c1cc(Cl)cc(Cl)n1
480,Cc1ccc(CN)cc1,N#Cc1ccc(C(=O)O)cc1,Cc1ccc(CNC(=O)c2ccc(C#N)cc2)cc1
481,Cc1ccc(Oc2ccc(N)cc2)cc1,O=C(O)C1CCC(F)(F)CC1,Cc1ccc(Oc2ccc(NC(=O)C3CCC(F)(F)CC3)cc2)cc1
482,CSc1ccc(N)cc1,O=C(O)Cc1ccc([N+](=O)[O-])cc1,CSc1ccc(NC(=O)Cc2ccc([N+](=O)[O-])cc2)cc1
483,NS(=O)(=O)c1cc(F)cc(F)c1,Cc1ccc(CC(=O)O)cc1,Cc1ccc(CC(=O)NS(=O)(=O)c2cc(F)cc(F)c2)cc1
484,COc1ccc(N)cc1OC,O=C(O)Cc1ccc(C(F)(F)F)cc1,COc1ccc(NC(=O)Cc2ccc(C(F)(F)F)cc2)cc1OC
485,Cc1ccc(CN)cc1,O=C(O)Cc1ccc([N+](=O)[O-])cc1,Cc1ccc(CNC(=O)Cc2ccc([N+](=O)[O-])cc2)cc1
486,Cc1ccc(Oc2ccc(N)cc2)cc1,O=C(O)Cc1ccc(C(F)(F)F)cc1,Cc1ccc(Oc2ccc(NC(=O)Cc3ccc(C(F)(F)F)cc3)cc2)cc1
487,C#CC(C)(C)N,O=C(O)Cc1ccc([N+](=O)[O-])cc1,C#CC(C)(C)NC(=O)Cc1ccc([N+](=O)[O-])cc1
488,NCc1ccc(Br)cc1,Cc1c(C(=O)O)oc2ccccc12,Cc1c(C(=O)NCc2ccc(Br)cc2)oc2ccccc12
489,CSc1ccc(N)cc1,O=C(O)Cc1ccc2c(c1)OCO2,CSc1ccc(NC(=O)Cc2ccc3c(c2)OCO3)cc1
490,C#CC(C)(C)N,O=C(O)Cc1cc(F)cc(F)c1,C#CC(C)(C)NC(=O)Cc1cc(F)cc(F)c1
491,CSc1ccc(N)cc1,Cc1ccc2cc(C(=O)O)ccc2n1,CSc1ccc(NC(=O)c2ccc3nc(C)ccc3c2)cc1
492,Cc1ccc(CN)cc1,Cc1cc(C(=O)O)cc(Cl)n1,Cc1ccc(CNC(=O)c2cc(C)nc(Cl)c2)cc1
493,COc1ccc(N)cc1OC,O=C(O)C1C[C@H]1c1ccccc1,COc1ccc(NC(=O)C2C[C@H]2c2ccccc2)cc1OC
494,Cc1ccc(CN)cc1,O=C(O)Cc1ccc2c(c1)C(=O)c1ccccc1CO2,Cc1ccc(CNC(=O)Cc2ccc3c(c2)C(=O)c2ccccc2CO3)cc1
495,Cc1ccc(CN)cc1,COc1ccc2cc(C(C)C(=O)O)ccc2c1,COc1ccc2cc(C(C)C(=O)NCc3ccc(C)cc3)ccc2c1
496,C#CC(C)(C)N,O=C(O)C(c1ccccc1)c1ccccc1,C#CC(C)(C)NC(=O)C(c1ccccc1)c1ccccc1
497,Cc1ccc(CN)cc1,Cc1cc(C)cc(C(=O)O)c1,Cc1ccc(CNC(=O)c2cc(C)cc(C)c2)cc1
498,Cc1ccc(Oc2ccc(N)cc2)cc1,O=C(O)C1C[C@H]1c1ccccc1,Cc1ccc(Oc2ccc(NC(=O)C3C[C@H]3c3ccccc3)cc2)cc1
499,Cc1ccc(CN)cc1,CC(C)Cc1ccc(C(C)C(=O)O)cc1,Cc1ccc(CNC(=O)C(C)c2ccc(CC(C)C)cc2)cc1
500,COc1ccc(N)cc1OC,O=C(O)c1ccc(F)cn1,COc1ccc(NC(=O)c2ccc(F)cn2)cc1OC
501,Cc1ccc(CN)cc1,O=C(O)/C=C/c1ccccc1,Cc1ccc(CNC(=O)/C=C/c2ccccc2)cc1
502,COc1ccc(N)cc1OC,O=C(O)C(c1ccccc1)c1ccccc1,COc1ccc(NC(=O)C(c2ccccc2)c2ccccc2)cc1OC
503,C#CC(C)(C)N,CC(C)(C(=O)O)c1ccccc1,C#CC(C)(C)NC(=O)C(C)(C)c1ccccc1
504,Cc1ccc(CN)cc1,O=C(O)c1ccc2nccnc2c1,Cc1ccc(CNC(=O)c2ccc3nccnc3c2)cc1
505,Cc1ccc(CN)cc1,O=C(O)Cc1ccc2c(c1)OCO2,Cc1ccc(CNC(=O)Cc2ccc3c(c2)OCO3)cc1
506,Cc1ccc(CN)cc1,Cc1cc(C)c(C(=O)O)c(C)c1,Cc1ccc(CNC(=O)c2c(C)cc(C)cc2C)cc1
507,COc1ccc(N)cc1OC,O=C(O)c1c[nH]c2ncccc12,COc1ccc(NC(=O)c2c[nH]c3ncccc23)cc1OC
508,Cc1ccc(CN)cc1,O=C(O)c1ccc(Br)s1,Cc1ccc(CNC(=O)c2ccc(Br)s2)cc1
509,Cc1ccc(CN)cc1,Cc1cccc(C)c1C(=O)O,Cc1ccc(CNC(=O)c2c(C)cccc2C)cc1
510,CSc1ccc(N)cc1,O=C(O)C(c1ccccc1)c1ccccc1,CSc1ccc(NC(=O)C(c2ccccc2)c2ccccc2)cc1
511,NCc1ccc(Br)cc1,O=C(O)C1CCN(C(=O)OCc2ccccc2)CC1,O=C(NCc1ccc(Br)cc1)C1CCN(C(=O)OCc2ccccc2)CC1
512,Cc1ccc(Oc2ccc(N)cc2)cc1,O=C(O)c1ccc(C(F)(F)F)cn1,Cc1ccc(Oc2ccc(NC(=O)c3ccc(C(F)(F)F)cn3)cc2)cc1
513,Cc1ccc(CN)cc1,O=C(O)COc1ccccc1,Cc1ccc(CNC(=O)COc2ccccc2)cc1
514,C#CC(C)(C)N,O=C(O)Cc1ccc(C(F)(F)F)cc1,C#CC(C)(C)NC(=O)Cc1ccc(C(F)(F)F)cc1
515,Nc1nccc(Cl)n1,O=C(O)C1c2ccccc2Oc2ccccc21,O=C(Nc1nccc(Cl)n1)C1c2ccccc2Oc2ccccc21
516,COc1ccc(N)cc1,COc1ccc(CC(=O)O)cc1,COc1ccc(CC(=O)Nc2ccc(OC)cc2)cc1
517,COc1ccc(CN)cc1,O=C(O)C1c2ccccc2Oc2ccccc21,COc1ccc(CNC(=O)C2c3ccccc3Oc3ccccc32)cc1
518,COc1ccc(N)cn1,COc1ncc(Br)cc1C(=O)O,COc1ccc(NC(=O)c2cc(Br)cnc2OC)cn1
519,Nc1ccc2nccnc2c1,COc1ccc(CC(=O)O)cc1,COc1ccc(CC(=O)Nc2ccc3nccnc3c2)cc1
520,Cc1ccccc1N,O=C(O)C1c2ccccc2Oc2ccccc21,Cc1ccccc1NC(=O)C1c2ccccc2Oc2ccccc21
521,CC(=O)c1ccc(N)cc1,Cc1ccc(F)cc1C(=O)O,CC(=O)c1ccc(NC(=O)c2cc(F)ccc2C)cc1
522,COc1ccc(N)cc1C,Cc1ccc(F)cc1C(=O)O,COc1ccc(NC(=O)c2cc(F)ccc2C)cc1C
523,NCc1ccc2c(c1)OCO2,O=C(O)C1c2ccccc2Oc2ccccc21,O=C(NCc1ccc2c(c1)OCO2)C1c2ccccc2Oc2ccccc21
524,C#Cc1cccc(N)c1,COc1cc(C(=O)O)cc(OC)c1OC,C#Cc1cccc(NC(=O)c2cc(OC)c(OC)c(OC)c2)c1
525,COc1ccc(N)cc1C,O=C(O)c1cc2ccccc2o1,COc1ccc(NC(=O)c2cc3ccccc3o2)cc1C
526,Nc1ccc(Cl)cn1,COc1ncc(Br)cc1C(=O)O,COc1ncc(Br)cc1C(=O)Nc1ccc(Cl)cn1
527,CC(C)Nc1ccccc1,COc1ncc(Br)cc1C(=O)O,COc1ncc(Br)cc1C(=O)N(c1ccccc1)C(C)C
528,NCc1ccccc1C(F)(F)F,Cc1ccc(F)cc1C(=O)O,Cc1ccc(F)cc1C(=O)NCc1ccccc1C(F)(F)F
529,Cc1ccc2cccc(N)c2n1,Cc1ccc(F)cc1C(=O)O,Cc1ccc2cccc(NC(=O)c3cc(F)ccc3C)c2n1
530,CSc1cccc(N)c1,COc1ncc(Br)cc1C(=O)O,COc1ncc(Br)cc1C(=O)Nc1cccc(SC)c1
531,NCc1cccc2ccccc12,COc1ncc(Br)cc1C(=O)O,COc1ncc(Br)cc1C(=O)NCc1cccc2ccccc12
532,C[C@@H](N)c1ccccc1,O=C(O)c1cc2ccccc2o1,C[C@@H](NC(=O)c1cc2ccccc2o1)c1ccccc1
533,Cc1ccc2cccc(N)c2n1,COc1ccc(CC(=O)O)cc1,COc1ccc(CC(=O)Nc2cccc3ccc(C)nc23)cc1
534,C[C@@H](N)c1ccccc1,O=C(O)C1c2ccccc2Oc2ccccc21,C[C@@H](NC(=O)C1c2ccccc2Oc2ccccc21)c1ccccc1
535,C[C@H](N)c1cccc2ccccc12,O=C(O)c1cc2ccccc2o1,CC(NC(=O)c1cc2ccccc2o1)c1cccc2ccccc12
536,Cc1cn(-c2cc(N)cc(C(F)(F)F)c2)cn1,COc1cc(C(=O)O)cc(OC)c1OC,COc1cc(C(=O)Nc2cc(-n3cnc(C)c3)cc(C(F)(F)F)c2)cc(OC)c1OC
537,NCc1ccccc1,O=C(O)C1c2ccccc2Oc2ccccc21,O=C(NCc1ccccc1)C1c2ccccc2Oc2ccccc21
538,COc1ccc(N)cn1,O=C(O)c1cc2ccccc2o1,COc1ccc(NC(=O)c2cc3ccccc3o2)cn1
539,CNOC,COc1ccc(CC(=O)O)cc1,COc1ccc(CC(=O)N(C)OC)cc1
540,Cc1ccc(N)c(C)c1,COc1ncc(Br)cc1C(=O)O,COc1ncc(Br)cc1C(=O)Nc1ccc(C)cc1C
541,COc1ccc(CN)cc1,COc1cc(C(=O)O)cc(OC)c1OC,COc1ccc(CNC(=O)c2cc(OC)c(OC)c(OC)c2)cc1
542,Cc1ccc(N)c(C)c1,COc1ccc(CC(=O)O)cc1,COc1ccc(CC(=O)Nc2ccc(C)cc2C)cc1
543,COc1ccc(N)cc1C,COc1ncc(Br)cc1C(=O)O,COc1ccc(NC(=O)c2cc(Br)cnc2OC)cc1C
544,CNOC,COc1ncc(Br)cc1C(=O)O,COc1ncc(Br)cc1C(=O)N(C)OC
545,COc1ccc(S(N)(=O)=O)cc1,Cc1ccc(F)cc1C(=O)O,COc1ccc(S(=O)(=O)NC(=O)c2cc(F)ccc2C)cc1
546,NCc1ccc(F)cc1F,COc1ncc(Br)cc1C(=O)O,COc1ncc(Br)cc1C(=O)NCc1ccc(F)cc1F
547,Cc1ccc(N)cc1,Cc1ccc(F)cc1C(=O)O,Cc1ccc(NC(=O)c2cc(F)ccc2C)cc1
548,CNc1ccc(OC)cc1,COc1ccc(CC(=O)O)cc1,COc1ccc(CC(=O)N(C)c2ccc(OC)cc2)cc1
549,NC1CCCCC1,Cc1ccc(F)cc1C(=O)O,Cc1ccc(F)cc1C(=O)NC1CCCCC1
550,Cc1ccccc1N,COc1ncc(Br)cc1C(=O)O,COc1ncc(Br)cc1C(=O)Nc1ccccc1C
551,C[C@H](N)c1cccc2ccccc12,COc1ncc(Br)cc1C(=O)O,COc1ncc(Br)cc1C(=O)NC(C)c1cccc2ccccc12
552,CNOC,O=C(O)c1cc2ccccc2o1,CON(C)C(=O)c1cc2ccccc2o1
553,CSc1cccc(N)c1,COc1ccc(CC(=O)O)cc1,COc1ccc(CC(=O)Nc2cccc(SC)c2)cc1
554,CC(=O)c1ccc(N)cc1,COc1ccc(CC(=O)O)cc1,COc1ccc(CC(=O)Nc2ccc(C(C)=O)cc2)cc1
555,NCc1ccc(Cl)cc1,O=C(O)C1c2ccccc2Oc2ccccc21,O=C(NCc1ccc(Cl)cc1)C1c2ccccc2Oc2ccccc21
556,CNc1ccc(OC)cc1,COc1ncc(Br)cc1C(=O)O,COc1ccc(N(C)C(=O)c2cc(Br)cnc2OC)cc1
557,Cc1cn(-c2cc(N)cc(C(F)(F)F)c2)cn1,COc1ncc(Br)cc1C(=O)O,COc1ncc(Br)cc1C(=O)Nc1cc(-n2cnc(C)c2)cc(C(F)(F)F)c1
558,CNc1ccc(F)cc1,COc1ccc(CC(=O)O)cc1,COc1ccc(CC(=O)N(C)c2ccc(F)cc2)cc1
559,Cc1ccc(N)cc1,COc1ncc(Br)cc1C(=O)O,COc1ncc(Br)cc1C(=O)Nc1ccc(C)cc1
560,Nc1ccc(Cl)cc1,COc1ccc(CC(=O)O)cc1,COc1ccc(CC(=O)Nc2ccc(Cl)cc2)cc1
561,NC1CCCCC1,O=C(O)C1c2ccccc2Oc2ccccc21,O=C(NC1CCCCC1)C1c2ccccc2Oc2ccccc21
562,Cn1c(N)nc2ccccc21,O=C(O)C1c2ccccc2Oc2ccccc21,Cn1c(NC(=O)C2c3ccccc3Oc3ccccc32)nc2ccccc21
563,COc1ccc(N)cn1,COc1ccc(CC(=O)O)cc1,COc1ccc(CC(=O)Nc2ccc(OC)nc2)cc1
564,COc1ccc(N)cn1,CC(C)(C)OC(=O)N1CC2(CC2)CC1C(=O)O,COc1ccc(NC(=O)C2CC3(CC3)CN2C(=O)OC(C)(C)C)cn1
565,CC(=O)c1ccc(N)cc1,O=C(O)c1cc2ccccc2o1,CC(=O)c1ccc(NC(=O)c2cc3ccccc3o2)cc1
566,NCc1ccc(F)cc1F,O=C(O)c1cc2ccccc2o1,O=C(NCc1ccc(F)cc1F)c1cc2ccccc2o1
567,COc1ccc(CN)cc1,COc1ccc(CC(=O)O)cc1,COc1ccc(CNC(=O)Cc2ccc(OC)cc2)cc1
568,CCOC(=O)c1cccc(N)c1,O=C(O)c1cc2ccccc2o1,CCOC(=O)c1cccc(NC(=O)c2cc3ccccc3o2)c1
569,Nc1ccncc1[N+](=O)[O-],O=C(O)C1c2ccccc2Oc2ccccc21,O=C(Nc1ccncc1[N+](=O)[O-])C1c2ccccc2Oc2ccccc21
570,COC(=O)c1ccc(N)cc1,COc1cc(C(=O)O)cc(OC)c1OC,COC(=O)c1ccc(NC(=O)c2cc(OC)c(OC)c(OC)c2)cc1
571,C#CC(C)(C)N,CCCCOc1ccc(C(=O)O)cc1,C#CC(C)(C)NC(=O)c1ccc(OCCCC)cc1
572,Cc1cccc(N)c1C,COc1ccc(CC(=O)O)cc1,COc1ccc(CC(=O)Nc2cccc(C)c2C)cc1
573,Nc1ccc(Cl)cc1,O=C(O)c1cc2ccccc2o1,O=C(Nc1ccc(Cl)cc1)c1cc2ccccc2o1
574,Cc1ccc2cccc(N)c2n1,COc1cc(C(=O)O)cc(OC)c1OC,COc1cc(C(=O)Nc2cccc3ccc(C)nc23)cc(OC)c1OC
575,Cc1ccc2cccc(N)c2n1,COc1ncc(Br)cc1C(=O)O,COc1ncc(Br)cc1C(=O)Nc1cccc2ccc(C)nc12
576,COc1ccc(N)cn1,Cc1ccc(F)cc1C(=O)O,COc1ccc(NC(=O)c2cc(F)ccc2C)cn1
577,Cc1cccc(N)c1C,COc1cc(C(=O)O)cc(OC)c1OC,COc1cc(C(=O)Nc2cccc(C)c2C)cc(OC)c1OC
578,Cc1ccc([N+](=O)[O-])cc1N,COc1ccc(CC(=O)O)cc1,COc1ccc(CC(=O)Nc2cc([N+](=O)[O-])ccc2C)cc1
579,Cc1ccc(N)c(C)c1,COc1cc(C(=O)O)cc(OC)c1OC,COc1cc(C(=O)Nc2ccc(C)cc2C)cc(OC)c1OC
580,NCc1cccc2ccccc12,Cc1ccc(F)cc1C(=O)O,Cc1ccc(F)cc1C(=O)NCc1cccc2ccccc12
581,Cc1ccc([N+](=O)[O-])cc1N,O=C(O)c1cc2ccccc2o1,Cc1ccc([N+](=O)[O-])cc1NC(=O)c1cc2ccccc2o1
582,Cn1c(N)nc2ccccc21,O=C(O)c1cc2ccccc2o1,Cn1c(NC(=O)c2cc3ccccc3o2)nc2ccccc21
